agegr,province,gndr,y1992,y1993,y1994,y1995,y1996,y1997,y1998,y1999,y2000,y2001,y2002,y2003,y2004,y2005,y2006,y2007,y2008,y2009,y2010,y2011,y2012,y2013,y2014,y2015,y2016,y2017,y2018,y2019,y2020,y2021,y2022,y2023
Бүгд,country,0,446027,429460,430204,428493,431911,423294,437958,445038,434760,443081,454283,484141,483343,493937,506030,517134,524964,595023,606851,595541,600631,626596,638715,658369,683263,721945,730599,682046,659868,647998,678756,686106
Бүгд,country,1,414040,407816,404437,384252,393112,396439,404449,408288,412800,429574,447375,475732,503017,507304,536818,536868,546591,542835,540311,529158,550550,571712,567840,585518,592395,635499,628055,591847,590740,577376,586455,598997
Бүгд,Баян-Өлгий,0,17834,15054,15498,15229,14828,16396,18108,17510,15995,18756,18865,19201,18760,18147,17863,18148,17653,22732,22635,23573,26068,23113,24184,25360,23733,28734,28947,17754,17654,23094,26251,26367
Бүгд,Баян-Өлгий,1,15102,12342,14305,10793,11004,13982,14876,15399,14424,16685,15334,16083,16859,16041,16911,16405,16137,21182,20716,21590,25391,21702,22200,24130,20206,24419,26824,16252,13748,16740,21675,21490
Бүгд,Говь-Алтай,0,13515,13649,14412,15289,15684,16392,17147,16332,16705,15362,15287,15476,15167,15585,15600,13904,13375,15741,15802,13606,15866,14184,13716,13976,14003,14380,15374,13612,10574,12018,11604,9634
Бүгд,Говь-Алтай,1,15358,13987,14630,14376,15629,15626,15494,15909,14177,15098,14991,14834,15451,15248,15690,12426,12092,13591,15183,13782,14575,12610,12946,13480,12399,13955,13254,13541,12852,11928,10307,9465
Бүгд,Завхан,0,21512,20539,22985,22342,23365,23549,22708,21947,19973,19214,19074,19326,17319,18142,18029,18535,17444,15744,20966,19220,21022,18773,18754,15922,17019,17679,17059,15549,16040,16097,15080,18392
Бүгд,Завхан,1,20133,22833,22349,22548,23574,24099,23168,22946,20205,20290,19487,20546,19215,19564,19822,20228,18852,17052,18010,17569,18870,18628,18562,16168,16558,16939,16242,15230,14992,13741,14413,15162
Бүгд,Увс,0,21867,20859,18668,19403,19590,18292,18941,17581,17787,17954,17275,17688,17642,17713,17504,17118,17530,22097,19232,21663,19045,19571,18171,20372,19033,20065,19909,19367,17072,25125,17265,17444
Бүгд,Увс,1,18283,17514,16541,16710,16754,16966,17153,15272,16528,16792,16979,16576,16504,16562,16930,16455,16227,19961,19470,19118,18858,17763,16060,18130,17547,18165,16527,15505,17595,24407,15605,17059
Бүгд,Ховд,0,17189,16214,17993,17989,19378,17602,17494,17760,17496,17404,17148,18095,17942,18176,18708,19027,17612,20884,18197,19821,20335,17951,17660,19667,20877,20941,21484,20117,17572,20949,21747,22170
Бүгд,Ховд,1,16769,17547,16695,16623,19117,15765,16897,16956,16740,16536,17880,17051,17756,18481,18903,18402,17354,19584,17727,18204,16862,15493,15946,16337,19240,18728,18142,20239,15688,18671,18182,17157
Бүгд,Архангай,0,20591,23036,23044,22881,21695,20240,20388,20979,21075,20564,21361,20595,20430,20846,21320,20906,21013,25621,26091,25169,24764,24748,22810,21813,23620,23421,24627,28604,20777,19625,23494,19656
Бүгд,Архангай,1,16934,20733,20794,18313,20051,19621,19121,19096,19454,20456,19768,19790,18950,19286,20339,20389,20521,21710,23327,23993,24819,23560,22523,20521,21010,21787,21639,21298,21139,19804,21696,19915
Бүгд,Баянхонгор,0,16181,17589,17089,19073,19345,19610,18851,18361,18461,18839,16994,18420,19334,19680,20357,20766,21244,20148,19324,17957,20262,19607,20313,21693,23502,22909,23837,18428,22256,14562,23578,23691
Бүгд,Баянхонгор,1,14541,15458,16953,18239,17543,17607,18597,17886,18094,18557,17104,18760,20074,19896,19607,21220,21108,17759,18326,18394,18377,19542,19707,19967,21575,20420,20897,17571,21639,19827,20504,20992
Бүгд,Булган,0,12917,13312,14912,14153,13660,12016,12596,12708,12371,12168,12837,13250,12469,12376,12265,12241,11706,13900,16432,15627,15409,14928,15163,14680,14590,16731,15322,14628,12205,13416,13143,13726
Бүгд,Булган,1,10651,11020,13113,11711,11459,11046,11526,11317,11589,11461,11706,12311,11708,11445,12170,11955,11913,13850,14285,13070,14173,13921,12922,13635,13574,14041,14159,15323,12409,11361,13001,12899
Бүгд,Орхон,0,15034,15004,9245,10335,14572,9524,14316,13767,14332,15088,15417,16504,17359,17118,17347,16874,17341,21217,20003,19355,21511,20567,21362,19572,22310,22169,20965,18413,20129,19813,18586,19082
Бүгд,Орхон,1,15181,16269,8985,10129,15058,9422,14072,14433,14145,15276,15029,17215,17788,18009,18221,17330,17067,20029,17734,17873,20154,18866,18950,19584,20394,19972,19076,17372,16885,16788,16759,14642
Бүгд,Өвөрхангай,0,23875,23848,24171,24584,24483,25209,26083,26779,27234,24942,24395,24386,24223,23816,25003,25265,26095,29201,29274,25582,29149,29453,28399,27238,28772,31860,31162,28626,24322,27903,26649,21415
Бүгд,Өвөрхангай,1,20241,20784,21665,21408,21799,23061,24044,25177,24962,24706,23280,23815,23656,24283,24847,26291,25896,28453,25081,22369,25116,28256,26043,26121,25623,27833,27870,23106,21324,24691,23846,21032
Бүгд,Хөвсгөл,0,23237,24644,25377,23732,23432,23399,23879,25822,24957,25262,25760,26202,26394,26569,27377,28631,28042,29110,30685,27509,31280,31740,27391,28594,31039,32813,33365,29540,27527,28067,25507,30506
Бүгд,Хөвсгөл,1,20899,22667,21632,20453,21090,22139,22973,22419,22642,24006,24959,26155,26139,26290,27194,27731,27601,27833,27721,26452,28684,31226,25290,27897,28612,28765,27774,27836,27879,24509,22853,32617
Бүгд,Говьсүмбэр,0,2702,2399,1989,1738,1555,1544,1911,1984,2058,1969,2258,2309,2221,2330,2024,2227,2277,3436,3110,2836,1930,3031,2863,3222,3223,4028,3850,4222,3868,4132,3244,3129
Бүгд,Говьсүмбэр,1,2369,2052,1710,1568,1435,1369,1800,1830,1798,1787,1904,1805,1816,1967,1873,2125,2060,2650,2673,2729,1503,2528,2223,3096,3016,3683,3618,3836,3628,3732,2450,2740
Бүгд,Дархан-Уул,0,14160,13190,12517,16696,16661,13631,14952,15375,12234,14282,11562,14488,13474,13247,14352,13536,16846,21266,21424,21782,20332,20072,18192,21512,20357,22929,21524,22349,19707,17677,18605,16310
Бүгд,Дархан-Уул,1,15469,14971,14432,13504,13485,14374,12259,13473,10061,11069,12797,14861,14459,13992,14447,15687,17645,19095,17561,18432,17118,16879,18557,18327,17635,19593,17699,20461,18140,15810,15354,14419
Бүгд,Дорноговь,0,10710,9625,9018,9513,8783,9286,8662,9662,9550,9870,10136,10023,10003,9786,10037,10636,10907,13932,16357,11715,13226,14860,15550,14435,16652,17357,16684,17364,15130,15454,14431,17152
Бүгд,Дорноговь,1,9098,8245,8408,8293,7726,8562,8243,8230,8346,9409,9853,9960,10187,10143,9703,9512,9874,11400,12854,9637,10402,13706,13164,12692,14525,16082,14656,15621,14186,12905,12828,14865
Бүгд,Дундговь,0,11789,11177,11380,11809,11538,11674,11647,11815,11709,11987,12239,12529,12194,12163,11629,11734,11442,12374,12428,12297,11791,11172,11126,11152,11281,12244,12205,11829,11140,11932,13308,8334
Бүгд,Дундговь,1,10914,9792,10586,11158,10960,11421,11509,11168,10929,11395,11303,11216,11324,11192,11617,11820,11244,11723,11815,12144,11628,10427,10972,10089,10966,11413,12342,11356,11019,11377,11620,9420
Бүгд,Өмнөговь,0,9767,9201,8449,8821,8852,9018,10030,10338,10417,11343,10490,10567,10634,10911,10883,11239,10420,13871,14485,15258,11372,13401,16505,15484,15609,15709,16795,16934,15534,16122,17682,18721
Бүгд,Өмнөговь,1,8593,8820,7927,8344,8457,8701,9700,10305,10364,11159,10494,10321,10522,11233,10816,11270,10184,13464,13196,13661,10080,12069,13809,13561,12761,14583,15224,15539,14642,13217,13829,16187
Бүгд,Сэлэнгэ,0,19199,15670,16823,15408,15674,16142,17003,18933,17281,18021,18252,19587,18955,19066,19845,19477,19033,26743,25181,24637,21785,22690,20130,20518,21314,25066,26370,21009,15127,14731,11927,11499
Бүгд,Сэлэнгэ,1,16884,13279,13529,12828,12478,13374,13530,14137,14948,15718,17565,17695,17587,17070,18626,19344,20196,23306,21942,21097,19281,20103,15793,16891,18842,21474,22235,16690,13522,14134,11445,8668
Бүгд,Төв,0,21654,21593,21710,19500,19715,19115,19667,19683,21032,21543,22105,22423,21980,22225,22859,23283,22584,21291,22669,25704,25198,23877,23893,25005,25126,26492,25892,21627,23425,20354,20372,21269
Бүгд,Төв,1,19567,19579,19004,16316,17057,16506,17376,17509,17845,20044,20574,20890,20028,21162,21559,21445,20823,20975,19733,22223,21738,21184,20057,22249,23914,23765,25100,19133,20443,16021,16623,18809
Бүгд,Дорнод,0,16066,14606,13421,14139,11893,12378,9784,9441,9637,9497,9897,9999,9999,10548,10743,10725,11384,12846,14011,15729,13577,15773,16005,16906,17188,17259,18916,18449,18318,16100,14563,19410
Бүгд,Дорнод,1,16704,15987,13206,13615,12155,12026,9899,9727,9456,9851,9548,9947,10072,10207,10901,11553,11598,11478,12198,13184,14071,13273,12673,14755,13869,14229,13273,15079,16284,15743,15700,17570
Бүгд,Сүхбаатар,0,11910,10679,12878,11547,12285,12004,12273,12246,12621,12653,12841,12843,12812,13002,12765,13043,12366,15425,16110,14785,15230,14273,14599,15535,15840,14884,15189,16762,15511,15474,14517,16130
Бүгд,Сүхбаатар,1,8774,8055,11352,10333,10891,10227,10520,10528,10829,11311,11543,12066,12314,11936,12546,12389,11099,13475,14362,13853,14745,12117,13108,14070,14151,14398,14095,13841,13515,13367,11789,14033
Бүгд,Хэнтий,0,16031,14800,15354,15129,14118,12911,12589,12890,12954,13684,13338,14388,13762,14202,14432,14083,14258,11842,11709,15654,15977,17631,17042,18465,17965,18415,17579,17990,18594,19680,18982,17632
Бүгд,Хэнтий,1,15179,13133,13438,12483,12940,11804,11645,11513,12494,12591,12742,13769,12749,12427,13640,13358,13280,11879,11976,13039,16277,15751,15084,16963,14677,13545,15603,16431,14456,17368,17460,16993
Бүгд,Улаанбаатар,0,108287,102772,103271,99183,100805,103362,108929,113125,108881,112679,126752,145842,150270,158289,165088,175736,184392,205602,210726,206062,205502,235181,254887,267248,280210,295860,303544,288873,297386,275671,308221,314436
Бүгд,Улаанбаатар,1,106397,102749,103183,94507,92450,98741,100047,103058,112770,115377,132535,150066,177859,180870,200456,199533,213820,182386,184421,176745,187828,212108,221251,226855,231301,257710,251806,240587,254755,241235,258513,262863
Бүгд,Улаанбаатар,0,108287,102772,103271,99183,100805,103362,108929,113125,108881,112679,126752,145842,150270,158289,165088,175736,184392,205603,210729,206059,205499,235187,254887,267244,280209,295859,303550,,,,308221,314436
Бүгд,Улаанбаатар,1,106397,102749,103183,94507,92450,98741,100047,103058,112770,115377,132535,150066,177859,180870,200456,199533,213820,182389,184420,176751,187816,212106,221151,226862,231300,257718,251797,,,,258513,262863
Бүгд,Хан-Уул,0,,,,,,,,,,,,,,,,,,20024,18909,21672,18440,22633,28678,29874,33247,34487,34241,38533,35369,39775,44852,46769
Бүгд,Хан-Уул,1,,,,,,,,,,,,,,,,,,14681,16561,17598,18208,21840,26478,27124,27997,33059,30681,29409,25871,29008,38585,39861
Бүгд,Багануур Багахангай,0,,,,,,,,,,,,,,,,,,5869,5521,5931,5774,5738,6000,5752,5089,5144,5726,15129,10761,6900,5427,4374
Бүгд,Багануур Багахангай,1,,,,,,,,,,,,,,,,,,6250,5101,5869,5661,5606,5310,5069,4494,4463,4537,11821,14376,8368,4374,3867
Бүгд,Баянзүрх,0,,,,,,,,,,,,,,,,,,42874,52435,48067,49567,59123,57657,65734,73432,85175,80629,71359,80014,74115,76989,88658
Бүгд,Баянзүрх,1,,,,,,,,,,,,,,,,,,38480,45269,41828,44793,51305,47840,50830,59348,74565,67809,62282,67124,65183,68661,75085
Бүгд,Налайх,0,,,,,,,,,,,,,,,,,,7513,6420,6166,5307,6074,6243,8878,8291,7866,8279,,,,6519,7698
Бүгд,Налайх,1,,,,,,,,,,,,,,,,,,4879,5361,4332,4655,4859,5703,8044,7077,6010,7470,,,,4823,6649
Бүгд,Баянгол,0,,,,,,,,,,,,,,,,,,29029,29708,31554,32953,42737,42345,40175,44280,43188,45581,36737,49506,41623,47410,41137
Бүгд,Баянгол,1,,,,,,,,,,,,,,,,,,28839,27684,31985,31820,38863,39054,37612,36517,40670,37042,32911,40450,34700,37847,38482
Бүгд,Сүхбаатар,0,,,,,,,,,,,,,,,,,,25015,26202,26020,25885,23344,27360,26351,25054,27878,27974,27386,26116,27106,26069,32107
Бүгд,Сүхбаатар,1,,,,,,,,,,,,,,,,,,23520,23051,21962,22259,23108,23485,22513,19637,24049,26259,23544,26628,21223,24116,23730
Бүгд,Чингэлтэй,0,,,,,,,,,,,,,,,,,,23705,25817,21132,27105,26300,27938,27887,27244,27417,30013,31507,27032,27083,30625,27233
Бүгд,Чингэлтэй,1,,,,,,,,,,,,,,,,,,21862,22310,17142,25668,24927,23946,24314,24620,24844,25496,26753,27409,25819,24400,20195
Бүгд,Сонгинохайрхан,0,,,,,,,,,,,,,,,,,,51573,45714,45520,40471,49232,58666,62597,63573,64705,71101,68222,68588,59070,70329,66459
Бүгд,Сонгинохайрхан,1,,,,,,,,,,,,,,,,,,43875,39084,36029,34764,41600,49435,51349,51611,50050,52512,53867,52897,56934,55708,54995
15-19,country,0,,,,,,,,,,,,,,,,,,31707,25186,26261,34632,18773,16416,15961,13928,15348,18674,17757,18411,15376,13614,14763
15-19,country,1,,,,,,,,,,,,,,,,,,18613,16626,16567,27894,11692,8935,8255,7379,7697,6101,6573,7286,5464,5951,5665
15-19,Баян-Өлгий,0,,,,,,,,,,,,,,,,,,2199,1981,1873,3095,491,691,777,1043,1012,631,75,583,525,331,412
15-19,Баян-Өлгий,1,,,,,,,,,,,,,,,,,,2043,2001,2017,2514,272,265,538,146,390,300,302,338,104,63,331
15-19,Говь-Алтай,0,,,,,,,,,,,,,,,,,,825,952,613,2312,589,478,321,436,644,502,169,544,260,234,74
15-19,Говь-Алтай,1,,,,,,,,,,,,,,,,,,296,424,430,1573,217,181,426,344,350,79,93,99,324,130,11
15-19,Завхан,0,,,,,,,,,,,,,,,,,,196,804,860,1305,464,491,320,166,112,223,104,774,705,625,199
15-19,Завхан,1,,,,,,,,,,,,,,,,,,202,485,246,1484,316,552,139,45,49,43,155,0,0,21,0
15-19,Увс,0,,,,,,,,,,,,,,,,,,1676,1333,2265,1442,1522,870,802,372,704,938,1061,1022,774,240,775
15-19,Увс,1,,,,,,,,,,,,,,,,,,885,799,881,1611,732,163,411,191,378,275,192,1074,259,329,221
15-19,Ховд,0,,,,,,,,,,,,,,,,,,2094,974,1287,2192,263,566,708,535,502,582,477,265,577,409,249
15-19,Ховд,1,,,,,,,,,,,,,,,,,,1677,865,1167,1401,177,249,288,252,257,161,157,91,320,137,15
15-19,Архангай,0,,,,,,,,,,,,,,,,,,2820,2192,1968,2662,2374,1156,512,364,1032,1034,890,124,300,775,334
15-19,Архангай,1,,,,,,,,,,,,,,,,,,791,1119,1420,3466,1572,706,171,254,346,104,402,326,229,657,122
15-19,Баянхонгор,0,,,,,,,,,,,,,,,,,,1995,1326,1366,1635,1240,1007,1014,1563,1298,1064,538,2367,379,874,1573
15-19,Баянхонгор,1,,,,,,,,,,,,,,,,,,701,1114,827,1640,1093,262,165,859,907,471,263,215,816,438,175
15-19,Булган,0,,,,,,,,,,,,,,,,,,119,237,164,920,436,371,278,176,462,189,46,242,71,21,457
15-19,Булган,1,,,,,,,,,,,,,,,,,,0,107,403,530,391,170,116,125,97,44,113,131,0,35,128
15-19,Орхон,0,,,,,,,,,,,,,,,,,,1929,526,743,914,282,580,143,195,390,0,351,236,311,0,48
15-19,Орхон,1,,,,,,,,,,,,,,,,,,362,316,222,1331,167,179,195,336,67,64,50,146,175,140,47
15-19,Өвөрхангай,0,,,,,,,,,,,,,,,,,,3118,1940,1602,2876,1896,1742,1506,1224,1498,1579,902,896,852,473,912
15-19,Өвөрхангай,1,,,,,,,,,,,,,,,,,,2066,1334,1097,1608,1677,990,588,609,720,557,198,155,209,41,572
15-19,Хөвсгөл,0,,,,,,,,,,,,,,,,,,2690,1780,1031,1894,1832,915,922,1252,1152,511,974,1832,710,407,1361
15-19,Хөвсгөл,1,,,,,,,,,,,,,,,,,,1797,1345,604,1372,1223,579,580,973,615,617,31,395,284,317,447
15-19,Говьсүмбэр,0,,,,,,,,,,,,,,,,,,175,200,189,0,40,42,103,68,158,0,156,189,180,0,12
15-19,Говьсүмбэр,1,,,,,,,,,,,,,,,,,,88,0,0,0,20,21,0,0,0,0,17,71,138,19,0
15-19,Дархан-Уул,0,,,,,,,,,,,,,,,,,,353,349,1058,779,312,334,123,125,268,389,276,482,321,114,540
15-19,Дархан-Уул,1,,,,,,,,,,,,,,,,,,457,298,359,637,71,310,116,119,0,132,321,158,54,52,0
15-19,Дорноговь,0,,,,,,,,,,,,,,,,,,243,541,215,548,399,294,338,688,443,345,260,223,676,140,541
15-19,Дорноговь,1,,,,,,,,,,,,,,,,,,234,793,331,611,307,221,90,188,297,101,247,39,40,57,111
15-19,Дундговь,0,,,,,,,,,,,,,,,,,,714,484,562,1177,398,570,733,419,642,502,510,231,383,516,307
15-19,Дундговь,1,,,,,,,,,,,,,,,,,,300,280,330,938,201,420,309,355,242,334,67,105,126,307,74
15-19,Өмнөговь,0,,,,,,,,,,,,,,,,,,732,563,1575,1321,315,694,317,243,303,334,261,572,697,110,329
15-19,Өмнөговь,1,,,,,,,,,,,,,,,,,,618,471,824,593,210,83,181,91,124,160,129,312,36,16,343
15-19,Сэлэнгэ,0,,,,,,,,,,,,,,,,,,1761,1660,1095,550,486,187,386,281,373,488,476,106,96,295,144
15-19,Сэлэнгэ,1,,,,,,,,,,,,,,,,,,1405,639,619,283,174,182,209,227,197,290,80,85,0,18,0
15-19,Төв,0,,,,,,,,,,,,,,,,,,1029,1141,1422,1400,582,1316,1260,428,509,678,490,1436,823,528,247
15-19,Төв,1,,,,,,,,,,,,,,,,,,745,709,1059,962,497,188,726,136,177,442,518,595,317,38,180
15-19,Дорнод,0,,,,,,,,,,,,,,,,,,721,675,736,774,357,142,556,221,334,405,1037,269,317,600,118
15-19,Дорнод,1,,,,,,,,,,,,,,,,,,668,273,357,1160,203,98,204,101,56,0,51,190,0,217,350
15-19,Сүхбаатар,0,,,,,,,,,,,,,,,,,,1720,1782,1361,1059,742,687,690,714,647,484,1174,412,649,349,507
15-19,Сүхбаатар,1,,,,,,,,,,,,,,,,,,826,1370,708,863,370,228,336,288,80,121,129,47,11,159,99
15-19,Хэнтий,0,,,,,,,,,,,,,,,,,,406,475,969,1448,791,413,507,212,432,848,832,1108,483,341,484
15-19,Хэнтий,1,,,,,,,,,,,,,,,,,,0,295,430,968,333,57,55,269,59,188,64,205,499,128,30
15-19,Улаанбаатар,0,,,,,,,,,,,,,,,,,,4192,3271,3307,4329,2962,2870,3645,3203,2433,6948,6698,4498,5284,6232,5138
15-19,Улаанбаатар,1,,,,,,,,,,,,,,,,,,2452,1589,2236,2349,1469,2831,2412,1471,2289,1618,2994,2509,1523,2630,2408
15-19,Улаанбаатар,0,,,,,,,,,,,,,,,,,,,,,,,,,,,,,,,6232,5138
15-19,Улаанбаатар,1,,,,,,,,,,,,,,,,,,,,,,,,,,,,,,,2630,2408
15-19,Хан-Уул,0,,,,,,,,,,,,,,,,,,249,0,194,217,205,470,522,559,249,501,629,655,513,983,1007
15-19,Хан-Уул,1,,,,,,,,,,,,,,,,,,192,0,0,237,138,284,176,0,252,210,157,655,170,492,288
15-19,Багануур Багахангай,0,,,,,,,,,,,,,,,,,,378,269,123,114,57,74,36,68,0,162,212,196,208,55,29
15-19,Багануур Багахангай,1,,,,,,,,,,,,,,,,,,87,0,165,292,0,32,61,36,0,0,0,0,313,0,0
15-19,Баянзүрх,0,,,,,,,,,,,,,,,,,,567,799,1192,855,854,458,625,331,456,1536,1539,2176,2223,2379,2484
15-19,Баянзүрх,1,,,,,,,,,,,,,,,,,,391,284,789,411,328,505,359,170,906,358,154,0,172,340,1147
15-19,Налайх,0,,,,,,,,,,,,,,,,,,676,237,155,208,120,86,324,289,459,346,,,,166,109
15-19,Налайх,1,,,,,,,,,,,,,,,,,,103,0,116,170,92,57,233,96,36,167,,,,0,212
15-19,Баянгол,0,,,,,,,,,,,,,,,,,,199,446,337,388,194,282,199,100,354,1213,0,0,407,407,221
15-19,Баянгол,1,,,,,,,,,,,,,,,,,,199,87,364,403,216,336,450,114,226,112,0,604,613,102,332
15-19,Сүхбаатар,0,,,,,,,,,,,,,,,,,,212,340,436,460,156,289,352,81,69,287,0,0,513,509,262
15-19,Сүхбаатар,1,,,,,,,,,,,,,,,,,,0,481,577,154,0,179,149,147,174,0,248,0,128,425,262
15-19,Чингэлтэй,0,,,,,,,,,,,,,,,,,,768,435,134,1158,512,432,384,648,258,718,257,126,504,415,251
15-19,Чингэлтэй,1,,,,,,,,,,,,,,,,,,324,194,0,333,327,431,407,236,84,297,0,503,126,249,168
15-19,Сонгинохайрхан,0,,,,,,,,,,,,,,,,,,1143,745,736,929,864,779,1203,1127,588,2185,4061,1345,916,1316,775
15-19,Сонгинохайрхан,1,,,,,,,,,,,,,,,,,,1156,543,225,349,368,1007,577,672,611,474,2435,747,0,1024,0
20-24,country,0,,,,,,,,,,,,,,,,,,78315,74477,67769,69906,69249,65999,63010,62785,60251,62034,55597,55368,48863,52133,58515
20-24,country,1,,,,,,,,,,,,,,,,,,63854,56770,51858,51236,54919,47294,46899,40469,40504,44178,38231,40572,34683,39461,29507
20-24,Баян-Өлгий,0,,,,,,,,,,,,,,,,,,2566,2527,2685,2734,2453,3215,3272,2490,3783,3126,2317,3056,2856,2146,3191
20-24,Баян-Өлгий,1,,,,,,,,,,,,,,,,,,2632,2132,3007,3550,2659,3216,3263,2279,2405,2862,2105,1024,2348,1912,953
20-24,Говь-Алтай,0,,,,,,,,,,,,,,,,,,1715,1579,1173,1834,1373,1607,1130,1042,1234,1025,857,1164,1198,631,553
20-24,Говь-Алтай,1,,,,,,,,,,,,,,,,,,853,1470,1281,991,1009,949,1059,754,989,713,1143,963,669,287,228
20-24,Завхан,0,,,,,,,,,,,,,,,,,,1553,2571,1921,2225,2152,1485,931,1094,909,1102,512,560,548,986,1096
20-24,Завхан,1,,,,,,,,,,,,,,,,,,1969,1625,1684,1317,2048,644,600,693,557,619,592,232,909,409,478
20-24,Увс,0,,,,,,,,,,,,,,,,,,2934,1895,2504,1814,1806,1705,1633,2132,1648,1763,1124,1594,2884,1803,1820
20-24,Увс,1,,,,,,,,,,,,,,,,,,2511,2052,1421,1288,1310,1148,1430,1485,1140,1169,727,3027,2272,1361,639
20-24,Ховд,0,,,,,,,,,,,,,,,,,,3417,2281,1968,2684,1832,1356,1784,2684,2160,2161,689,1135,1687,1489,2194
20-24,Ховд,1,,,,,,,,,,,,,,,,,,3070,1884,1881,1283,1410,1322,1066,1685,1434,706,972,637,760,918,341
20-24,Архангай,0,,,,,,,,,,,,,,,,,,2935,2932,2570,2107,2245,2087,1421,1815,1910,2858,3186,1057,1412,1791,1529
20-24,Архангай,1,,,,,,,,,,,,,,,,,,2528,2955,2236,2019,1674,1771,1084,673,944,1144,939,698,763,831,809
20-24,Баянхонгор,0,,,,,,,,,,,,,,,,,,1919,2433,1870,3135,3082,2861,3020,2633,2676,2531,1170,2180,1380,2480,3204
20-24,Баянхонгор,1,,,,,,,,,,,,,,,,,,1896,2284,1996,2213,2551,1936,2179,1740,2001,2332,1285,3415,1877,1642,1556
20-24,Булган,0,,,,,,,,,,,,,,,,,,896,1828,1473,1198,1106,1333,1152,661,1081,888,578,814,947,492,1208
20-24,Булган,1,,,,,,,,,,,,,,,,,,1790,1401,830,916,1078,962,485,502,556,510,554,1058,137,79,286
20-24,Орхон,0,,,,,,,,,,,,,,,,,,1997,2655,1771,3120,2270,1182,1390,2120,1902,1520,1110,1310,1608,1195,1776
20-24,Орхон,1,,,,,,,,,,,,,,,,,,2143,2170,1492,1981,1865,1353,842,1371,1264,1011,1148,575,1083,1072,380
20-24,Өвөрхангай,0,,,,,,,,,,,,,,,,,,4654,4523,2324,3365,2777,2616,1999,2262,2986,3141,1665,2378,2582,1742,1732
20-24,Өвөрхангай,1,,,,,,,,,,,,,,,,,,3743,3191,2395,1404,2447,1954,2121,1360,1287,1796,1930,788,1206,1239,329
20-24,Хөвсгөл,0,,,,,,,,,,,,,,,,,,3927,3748,2884,4257,3639,2963,1947,3314,2915,3129,2200,1327,1128,1323,4144
20-24,Хөвсгөл,1,,,,,,,,,,,,,,,,,,5069,2519,3028,2845,3780,2680,1907,2198,2098,1818,639,1513,1170,999,1295
20-24,Говьсүмбэр,0,,,,,,,,,,,,,,,,,,696,421,305,493,341,243,321,132,252,224,362,387,327,195,251
20-24,Говьсүмбэр,1,,,,,,,,,,,,,,,,,,263,170,351,127,259,60,239,154,157,273,155,232,145,122,384
20-24,Дархан-Уул,0,,,,,,,,,,,,,,,,,,2793,2953,2635,3094,1742,2357,1889,1954,1655,2035,2480,1715,1376,1204,880
20-24,Дархан-Уул,1,,,,,,,,,,,,,,,,,,2062,1798,1705,1785,972,1496,1075,1038,773,1433,1268,720,738,673,370
20-24,Дорноговь,0,,,,,,,,,,,,,,,,,,2148,2550,905,1262,1553,1645,1248,1337,1722,1429,691,1601,1318,1091,1838
20-24,Дорноговь,1,,,,,,,,,,,,,,,,,,1178,1524,398,756,920,952,770,1132,1029,1301,632,334,613,270,967
20-24,Дундговь,0,,,,,,,,,,,,,,,,,,2010,1727,1346,901,811,864,569,863,910,836,976,1607,1448,1239,412
20-24,Дундговь,1,,,,,,,,,,,,,,,,,,1156,1373,782,711,871,605,614,460,572,836,424,913,685,634,687
20-24,Өмнөговь,0,,,,,,,,,,,,,,,,,,2632,2533,2970,1592,1785,1624,1152,1205,1364,1434,1390,613,884,1324,775
20-24,Өмнөговь,1,,,,,,,,,,,,,,,,,,2353,1313,1601,952,1013,1001,902,615,1011,943,653,522,961,796,1268
20-24,Сэлэнгэ,0,,,,,,,,,,,,,,,,,,4678,2320,2814,2804,1992,2080,1666,1596,2314,2919,950,588,673,753,668
20-24,Сэлэнгэ,1,,,,,,,,,,,,,,,,,,2265,1927,1462,1743,1653,981,854,967,1310,1056,767,1221,1229,370,231
20-24,Төв,0,,,,,,,,,,,,,,,,,,2451,2832,2293,2219,2321,1526,2294,1256,1415,1554,1055,2139,1423,2090,910
20-24,Төв,1,,,,,,,,,,,,,,,,,,2347,1549,1176,1272,1907,1090,1003,1213,1399,1340,391,968,281,667,208
20-24,Дорнод,0,,,,,,,,,,,,,,,,,,2147,1804,2608,1551,2350,1970,1487,1330,1092,1145,2593,1125,401,839,498
20-24,Дорнод,1,,,,,,,,,,,,,,,,,,1205,1126,1475,1704,1304,892,1238,904,1022,696,548,1971,1402,664,941
20-24,Сүхбаатар,0,,,,,,,,,,,,,,,,,,1527,2564,1995,1707,2433,1454,1559,1871,1213,1114,714,1797,897,1075,1245
20-24,Сүхбаатар,1,,,,,,,,,,,,,,,,,,1926,1690,2155,1226,1464,1155,1405,1041,883,732,657,983,553,507,709
20-24,Хэнтий,0,,,,,,,,,,,,,,,,,,1118,1521,1475,2008,2093,1702,2409,1361,2338,1542,1234,1489,1604,1690,1918
20-24,Хэнтий,1,,,,,,,,,,,,,,,,,,1544,1558,794,1835,858,1115,1525,819,864,851,1647,594,881,586,1163
20-24,Улаанбаатар,0,,,,,,,,,,,,,,,,,,27602,24280,25280,23802,27093,28124,28737,27633,22772,24558,27744,25732,20282,24555,26674
20-24,Улаанбаатар,1,,,,,,,,,,,,,,,,,,19351,19059,18708,19318,21867,20012,21238,17386,16809,20037,19055,18184,14003,23424,15287
20-24,Улаанбаатар,0,,,,,,,,,,,,,,,,,,,,,,,,,,,,,,,24555,26674
20-24,Улаанбаатар,1,,,,,,,,,,,,,,,,,,,,,,,,,,,,,,,23424,15287
20-24,Хан-Уул,0,,,,,,,,,,,,,,,,,,2553,1692,1620,1764,1967,3046,2272,2743,3508,1984,2675,1310,681,3686,5324
20-24,Хан-Уул,1,,,,,,,,,,,,,,,,,,1414,1367,1454,1404,1785,2828,2305,1735,1877,1778,1416,2947,1020,3564,2734
20-24,Багануур Багахангай,0,,,,,,,,,,,,,,,,,,637,740,866,275,511,519,489,538,292,400,1907,1490,444,491,187
20-24,Багануур Багахангай,1,,,,,,,,,,,,,,,,,,495,579,401,575,395,308,323,271,141,271,1615,1154,366,178,176
20-24,Баянзүрх,0,,,,,,,,,,,,,,,,,,5255,5815,6447,5683,7411,4733,6827,7385,7432,6724,5844,5022,4971,6118,5732
20-24,Баянзүрх,1,,,,,,,,,,,,,,,,,,3396,5491,4983,4708,6055,4166,5697,5015,5542,5508,4154,5524,4787,7308,5539
20-24,Налайх,0,,,,,,,,,,,,,,,,,,1527,783,918,784,973,656,1364,944,950,932,,,,798,806
20-24,Налайх,1,,,,,,,,,,,,,,,,,,1288,679,502,595,471,576,1007,707,655,448,,,,200,378
20-24,Баянгол,0,,,,,,,,,,,,,,,,,,3121,2544,3639,3386,4288,4279,3479,3296,2531,3079,2678,4830,2449,2442,2543
20-24,Баянгол,1,,,,,,,,,,,,,,,,,,3355,2080,3048,2750,3814,2851,2786,2712,1893,3060,2105,3220,1428,2543,1658
20-24,Сүхбаатар,0,,,,,,,,,,,,,,,,,,1863,2966,3354,3116,2416,3229,2225,1790,1552,2389,2231,2048,3196,1783,3228
20-24,Сүхбаатар,1,,,,,,,,,,,,,,,,,,1294,1819,1699,1650,2444,2336,1495,949,1440,2418,1611,512,1663,2293,1221
20-24,Чингэлтэй,0,,,,,,,,,,,,,,,,,,3695,4543,2375,3832,3093,3234,2960,2888,2372,2727,3473,2515,3672,2656,2346
20-24,Чингэлтэй,1,,,,,,,,,,,,,,,,,,2575,3099,2261,3432,2731,1684,2225,2020,2000,2651,1929,2137,1395,2075,1257
20-24,Сонгинохайрхан,0,,,,,,,,,,,,,,,,,,8951,5197,6061,4962,6434,8428,9121,8049,4135,6323,8936,8517,4868,6580,6508
20-24,Сонгинохайрхан,1,,,,,,,,,,,,,,,,,,5534,3945,4360,4204,4172,5263,5400,3977,3261,3903,6225,2690,3344,5264,2324
25-29,country,0,,,,,,,,,,,,,,,,,,81521,87449,84692,92494,94308,98443,95692,102189,102435,97263,92047,90516,84905,79496,69366
25-29,country,1,,,,,,,,,,,,,,,,,,64569,72591,67608,77680,83147,80496,76645,83839,84669,76392,70916,72876,63987,63665,65139
25-29,Баян-Өлгий,0,,,,,,,,,,,,,,,,,,3552,2712,2675,4366,3702,4463,4202,2667,4224,4267,3746,3054,4728,4824,3333
25-29,Баян-Өлгий,1,,,,,,,,,,,,,,,,,,2680,2110,2228,3469,3554,3586,4444,2610,4226,3739,2502,2432,1488,5066,3502
25-29,Говь-Алтай,0,,,,,,,,,,,,,,,,,,2446,1959,1942,1492,2051,1999,1575,1399,1807,1404,1430,757,1567,1366,1168
25-29,Говь-Алтай,1,,,,,,,,,,,,,,,,,,1382,2179,1516,1840,2012,1692,1117,1456,1573,1278,933,1271,1201,1217,886
25-29,Завхан,0,,,,,,,,,,,,,,,,,,1607,2767,2240,3010,2652,1990,1946,1641,1417,1408,1337,2601,2154,1638,1109
25-29,Завхан,1,,,,,,,,,,,,,,,,,,2552,2439,1999,3023,3111,1477,1827,1796,1888,1129,234,1455,1080,456,1261
25-29,Увс,0,,,,,,,,,,,,,,,,,,2441,2159,1799,2500,2429,2486,2784,3045,2075,2289,3099,3163,3187,3279,2522
25-29,Увс,1,,,,,,,,,,,,,,,,,,1437,2194,1857,2499,2076,2221,2174,2366,2577,1383,1581,3209,2270,1708,2325
25-29,Ховд,0,,,,,,,,,,,,,,,,,,2589,2463,2596,2480,2525,2341,2753,2659,2865,2622,2817,2389,1727,2740,3714
25-29,Ховд,1,,,,,,,,,,,,,,,,,,1862,2139,1638,1868,2042,1828,1875,2618,3024,2018,2748,2183,1675,3740,2479
25-29,Архангай,0,,,,,,,,,,,,,,,,,,3394,3234,2950,3126,2918,2598,1939,3135,2623,2939,3625,2670,1645,2823,3245
25-29,Архангай,1,,,,,,,,,,,,,,,,,,2791,2977,2099,2854,2978,3329,1879,2527,2142,2586,2847,2745,1368,1781,2360
25-29,Баянхонгор,0,,,,,,,,,,,,,,,,,,2640,2317,2158,3559,2374,3104,3163,2940,4136,3962,4132,3116,2557,3006,2070
25-29,Баянхонгор,1,,,,,,,,,,,,,,,,,,2029,1854,2135,2310,2620,3482,2978,3199,3146,2686,2570,2252,2286,1856,1854
25-29,Булган,0,,,,,,,,,,,,,,,,,,2316,1889,1920,1619,1576,1470,1899,1246,1502,1348,1439,1843,1869,1108,672
25-29,Булган,1,,,,,,,,,,,,,,,,,,2294,2180,1613,1950,1674,1024,1759,1579,1541,1636,787,1561,1298,987,664
25-29,Орхон,0,,,,,,,,,,,,,,,,,,1744,3209,3761,2703,3188,3463,2594,3339,2487,2479,2870,2266,2075,1768,1514
25-29,Орхон,1,,,,,,,,,,,,,,,,,,1682,2096,2621,2347,3003,2561,2559,2713,3092,2750,1574,1845,1353,2186,1267
25-29,Өвөрхангай,0,,,,,,,,,,,,,,,,,,3815,3516,3521,3253,2970,3528,3858,4608,4524,3197,5465,2621,3405,4418,2123
25-29,Өвөрхангай,1,,,,,,,,,,,,,,,,,,4912,4042,2034,3041,2844,3264,2634,4958,3699,3176,2327,2896,2058,2639,1988
25-29,Хөвсгөл,0,,,,,,,,,,,,,,,,,,3169,4142,3860,4643,4124,4999,3176,3768,4940,3618,2754,2552,3464,2557,2428
25-29,Хөвсгөл,1,,,,,,,,,,,,,,,,,,2490,3414,3386,3726,4549,3892,3730,3176,3809,3625,3432,3842,3030,1229,5689
25-29,Говьсүмбэр,0,,,,,,,,,,,,,,,,,,262,510,258,414,646,566,559,668,470,620,394,535,499,426,487
25-29,Говьсүмбэр,1,,,,,,,,,,,,,,,,,,0,687,484,330,371,345,478,518,580,475,258,528,389,290,244
25-29,Дархан-Уул,0,,,,,,,,,,,,,,,,,,3475,3364,4211,3949,3102,2745,3556,3178,3656,3916,2065,2981,2466,2280,943
25-29,Дархан-Уул,1,,,,,,,,,,,,,,,,,,1480,2159,2909,2432,1967,1960,2383,2549,1871,1945,2304,1432,1472,1074,1478
25-29,Дорноговь,0,,,,,,,,,,,,,,,,,,2715,2532,1774,1560,2318,2334,2322,2798,1997,2153,1972,1526,2739,799,1471
25-29,Дорноговь,1,,,,,,,,,,,,,,,,,,1544,1550,1499,1090,1724,2397,1769,1935,1979,1906,2325,2425,968,1958,1347
25-29,Дундговь,0,,,,,,,,,,,,,,,,,,964,1346,1077,2044,1094,1021,1245,925,780,891,1134,750,1033,1211,506
25-29,Дундговь,1,,,,,,,,,,,,,,,,,,1689,1342,2007,1989,1167,1180,970,1206,1166,1270,912,1082,1311,959,851
25-29,Өмнөговь,0,,,,,,,,,,,,,,,,,,2275,2066,2289,1205,2230,2592,2546,2037,2324,1942,1151,1440,2257,1325,2128
25-29,Өмнөговь,1,,,,,,,,,,,,,,,,,,1525,1844,1746,1077,1673,1827,1676,1563,1764,1811,2133,1426,1544,1532,2708
25-29,Сэлэнгэ,0,,,,,,,,,,,,,,,,,,4117,2792,2970,3011,3136,2935,1990,2726,2529,3577,1774,2565,1203,523,890
25-29,Сэлэнгэ,1,,,,,,,,,,,,,,,,,,2198,2412,1906,2769,3293,1999,1639,1561,1943,2290,1549,1278,978,1252,431
25-29,Төв,0,,,,,,,,,,,,,,,,,,2255,2153,2654,2978,3706,3292,2748,3564,2277,2343,2041,4431,1880,2372,1043
25-29,Төв,1,,,,,,,,,,,,,,,,,,2106,2387,2356,2340,2195,2135,1763,2407,1876,2542,817,2471,1674,984,1713
25-29,Дорнод,0,,,,,,,,,,,,,,,,,,1465,1657,2442,2106,2538,2572,2756,2670,3111,2497,3607,3157,2787,1339,642
25-29,Дорнод,1,,,,,,,,,,,,,,,,,,2481,1864,2103,1759,2288,1637,1806,2176,2208,1970,3021,1855,832,1993,1923
25-29,Сүхбаатар,0,,,,,,,,,,,,,,,,,,2001,2045,1568,2227,1488,1996,2194,2218,1665,2023,1928,1889,1975,2636,2695
25-29,Сүхбаатар,1,,,,,,,,,,,,,,,,,,822,1881,1590,2493,1608,2305,2319,2230,2245,2174,2389,1012,1601,1646,1453
25-29,Хэнтий,0,,,,,,,,,,,,,,,,,,1831,1861,1952,2071,1787,1872,2533,2561,1968,1779,1500,1799,1445,2138,1846
25-29,Хэнтий,1,,,,,,,,,,,,,,,,,,836,1166,1510,2405,2137,1315,1914,2107,1842,1581,1410,1281,1595,1592,1525
25-29,Улаанбаатар,0,,,,,,,,,,,,,,,,,,30448,36756,34075,38178,41754,44077,43354,48397,49058,45989,41767,42411,38244,34918,32816
25-29,Улаанбаатар,1,,,,,,,,,,,,,,,,,,23777,27675,26372,30069,34261,35040,32952,36589,36478,32422,32263,32395,32515,27520,27191
25-29,Улаанбаатар,0,,,,,,,,,,,,,,,,,,,,,,,,,,,,,,,34918,32816
25-29,Улаанбаатар,1,,,,,,,,,,,,,,,,,,,,,,,,,,,,,,,27520,27191
25-29,Хан-Уул,0,,,,,,,,,,,,,,,,,,2597,3160,3373,3948,3793,4146,5708,5506,6289,4965,5976,6877,5128,5653,5037
25-29,Хан-Уул,1,,,,,,,,,,,,,,,,,,1808,2668,2914,3122,4069,4007,4485,3693,5716,4182,6449,2292,2901,4055,5468
25-29,Багануур Багахангай,0,,,,,,,,,,,,,,,,,,621,672,521,638,1142,833,931,978,830,1140,3339,2166,962,285,475
25-29,Багануур Багахангай,1,,,,,,,,,,,,,,,,,,886,481,673,407,601,421,606,570,451,434,2448,1723,719,321,476
25-29,Баянзүрх,0,,,,,,,,,,,,,,,,,,5948,9468,8504,9248,11519,11333,12039,12787,12817,11994,9073,11383,8905,7138,12611
25-29,Баянзүрх,1,,,,,,,,,,,,,,,,,,4329,7841,5455,7898,8355,8342,8316,9122,9882,9623,9534,11215,7172,6288,7453
25-29,Налайх,0,,,,,,,,,,,,,,,,,,1258,1274,1102,1026,885,952,1061,1419,1291,1230,,,,732,564
25-29,Налайх,1,,,,,,,,,,,,,,,,,,309,613,458,476,612,736,966,891,762,946,,,,532,666
25-29,Баянгол,0,,,,,,,,,,,,,,,,,,3956,4880,4774,5802,7767,6480,5547,8276,8027,7643,4784,4830,3873,6409,3650
25-29,Баянгол,1,,,,,,,,,,,,,,,,,,3594,3704,4573,5000,6236,5672,6167,6191,6346,3993,2678,2817,6330,4578,3649
25-29,Сүхбаатар,0,,,,,,,,,,,,,,,,,,5183,4504,4723,4804,3895,4013,3916,3944,3812,3511,4833,3585,4218,2632,2530
25-29,Сүхбаатар,1,,,,,,,,,,,,,,,,,,4284,2690,3312,3962,3987,3525,2432,3054,2847,2665,743,5377,3320,2802,2530
25-29,Чингэлтэй,0,,,,,,,,,,,,,,,,,,3894,4376,3430,5127,4603,4392,4639,4620,4457,4343,3472,4903,4810,3735,2681
25-29,Чингэлтэй,1,,,,,,,,,,,,,,,,,,3208,3653,3147,3376,4140,4393,2663,4505,3943,3482,2829,3143,3545,2656,2765
25-29,Сонгинохайрхан,0,,,,,,,,,,,,,,,,,,6991,8422,7648,7585,8150,11928,9513,10867,11535,11163,10290,8667,10349,8334,5268
25-29,Сонгинохайрхан,1,,,,,,,,,,,,,,,,,,5359,6025,5840,5828,6261,7944,7317,8563,6531,7097,7582,5828,8528,6287,4183
30-34,country,0,,,,,,,,,,,,,,,,,,80131,86105,80139,85536,94877,92404,98896,104481,111312,117225,102083,107494,109761,110579,107638
30-34,country,1,,,,,,,,,,,,,,,,,,76206,76411,75799,76570,80111,82195,87474,88226,96039,93291,94722,89616,94026,89610,91345
30-34,Баян-Өлгий,0,,,,,,,,,,,,,,,,,,2272,2786,3060,3321,3757,3591,3996,3822,4338,3239,2382,2449,3096,3636,4272
30-34,Баян-Өлгий,1,,,,,,,,,,,,,,,,,,2879,2750,3091,3160,3722,3576,4185,2256,3571,3352,3717,1775,2076,3079,3667
30-34,Говь-Алтай,0,,,,,,,,,,,,,,,,,,1180,2257,1545,2371,2348,1447,1706,2146,1848,1758,2109,1540,1963,2105,1610
30-34,Говь-Алтай,1,,,,,,,,,,,,,,,,,,1545,2359,2360,2131,2038,1672,1927,1637,2331,1680,2654,2041,1758,1613,1303
30-34,Завхан,0,,,,,,,,,,,,,,,,,,2755,2808,2538,3158,2645,2160,1894,2248,2242,2124,3241,1769,1336,1078,2218
30-34,Завхан,1,,,,,,,,,,,,,,,,,,2126,2086,2725,2364,2378,2828,2087,2604,2116,3049,3608,1828,601,1552,2619
30-34,Увс,0,,,,,,,,,,,,,,,,,,1948,2330,2205,2266,2402,2272,2598,2308,2687,2208,2080,1143,1967,2320,2072
30-34,Увс,1,,,,,,,,,,,,,,,,,,1768,2875,2340,2295,2672,2170,2894,2653,2347,2385,2854,2445,3742,2531,2791
30-34,Ховд,0,,,,,,,,,,,,,,,,,,1954,2577,1807,2831,2510,2697,2675,2551,2562,2837,4191,3176,3626,4271,2871
30-34,Ховд,1,,,,,,,,,,,,,,,,,,1964,2249,2177,2484,2055,3007,2017,2691,2811,2981,3554,1555,3577,1576,3610
30-34,Архангай,0,,,,,,,,,,,,,,,,,,3218,3056,2456,3261,2827,3140,2359,3372,2404,3035,3570,1448,2161,3148,1703
30-34,Архангай,1,,,,,,,,,,,,,,,,,,3262,2835,3329,3374,2361,2899,2615,3838,3061,2964,3172,1778,3277,2933,3006
30-34,Баянхонгор,0,,,,,,,,,,,,,,,,,,3133,2575,2341,2663,2707,2592,3319,3511,3522,3890,2806,3131,1992,4273,4223
30-34,Баянхонгор,1,,,,,,,,,,,,,,,,,,3055,2685,2597,2981,2868,2892,3903,3248,3036,3087,3529,3176,4035,2821,5097
30-34,Булган,0,,,,,,,,,,,,,,,,,,2008,2133,1803,2541,1813,1930,2102,2588,2236,1737,1249,1806,1789,2014,1325
30-34,Булган,1,,,,,,,,,,,,,,,,,,1592,1973,1654,1939,2011,1598,2336,2012,1687,1517,2618,1397,1718,2749,1090
30-34,Орхон,0,,,,,,,,,,,,,,,,,,2714,2062,2350,2848,3172,2430,3241,4069,4468,3834,2191,3477,2184,3823,4617
30-34,Орхон,1,,,,,,,,,,,,,,,,,,3138,2122,2406,2475,2653,2358,2741,3132,2882,2697,2515,1999,2882,2612,2438
30-34,Өвөрхангай,0,,,,,,,,,,,,,,,,,,3635,4027,2513,3306,4088,3281,3185,4245,3938,4326,3133,4301,4877,4649,2126
30-34,Өвөрхангай,1,,,,,,,,,,,,,,,,,,2622,2954,2639,3616,3956,2932,3186,3731,3865,3885,5487,3373,5420,5635,2819
30-34,Хөвсгөл,0,,,,,,,,,,,,,,,,,,3450,3888,3647,3704,4676,4121,4448,4499,4784,5663,2617,3488,6292,2614,3860
30-34,Хөвсгөл,1,,,,,,,,,,,,,,,,,,3324,3834,3216,3638,4525,3718,4240,3671,4705,3515,3064,6090,5476,3302,3084
30-34,Говьсүмбэр,0,,,,,,,,,,,,,,,,,,608,507,335,217,399,501,553,407,777,642,709,380,642,713,382
30-34,Говьсүмбэр,1,,,,,,,,,,,,,,,,,,693,549,338,302,485,433,598,364,420,497,1068,509,720,245,321
30-34,Дархан-Уул,0,,,,,,,,,,,,,,,,,,2853,2799,3103,2562,3604,2300,2815,3154,3549,3648,3570,3381,2605,2078,2645
30-34,Дархан-Уул,1,,,,,,,,,,,,,,,,,,3116,2704,2594,2296,3097,2559,2468,1892,3398,1981,2514,2753,2618,1761,2066
30-34,Дорноговь,0,,,,,,,,,,,,,,,,,,1774,2148,1670,2483,2104,3008,2096,2085,2658,2917,1986,2965,3292,1348,2180
30-34,Дорноговь,1,,,,,,,,,,,,,,,,,,1538,1852,1410,1249,2002,1846,1928,1480,2377,2036,1221,3275,1677,1220,2822
30-34,Дундговь,0,,,,,,,,,,,,,,,,,,1921,1305,1790,1282,1667,1379,1287,1562,2060,1977,666,1505,1327,1295,543
30-34,Дундговь,1,,,,,,,,,,,,,,,,,,1711,1385,1914,1191,1675,1391,1370,1611,2091,1552,1130,1544,1232,1176,1115
30-34,Өмнөговь,0,,,,,,,,,,,,,,,,,,867,2084,1616,1327,1600,2446,2495,2634,2378,2704,3242,3654,3213,2519,3822
30-34,Өмнөговь,1,,,,,,,,,,,,,,,,,,1391,1962,2065,1502,1600,2294,2134,2370,1933,2731,2155,2857,2020,1940,2111
30-34,Сэлэнгэ,0,,,,,,,,,,,,,,,,,,2705,4474,3107,2928,3655,2861,2749,2962,2381,2833,2819,1799,2424,1909,620
30-34,Сэлэнгэ,1,,,,,,,,,,,,,,,,,,2935,2653,3774,2215,2104,2409,3005,3394,2478,2160,3270,1851,2916,1889,986
30-34,Төв,0,,,,,,,,,,,,,,,,,,3695,3101,3434,4000,2826,3634,3202,4022,3662,3482,1193,2694,3273,2795,3252
30-34,Төв,1,,,,,,,,,,,,,,,,,,2995,2778,3453,2992,2121,2701,2919,3084,3311,2423,1893,1471,1383,1895,2370
30-34,Дорнод,0,,,,,,,,,,,,,,,,,,2003,1872,1914,1704,2363,2557,2598,2512,2649,3529,2668,2535,1744,2492,3713
30-34,Дорнод,1,,,,,,,,,,,,,,,,,,1122,1517,1648,1903,1748,2162,2101,2023,2223,1980,2518,1160,3357,2882,2502
30-34,Сүхбаатар,0,,,,,,,,,,,,,,,,,,2487,1889,1821,2474,2497,2272,2460,2322,2506,2200,2394,2845,1956,2699,1603
30-34,Сүхбаатар,1,,,,,,,,,,,,,,,,,,2363,1699,1742,2248,1751,2147,2277,1771,2175,1977,1577,2939,2665,2106,1557
30-34,Хэнтий,0,,,,,,,,,,,,,,,,,,1213,2139,2000,1904,2367,2656,2477,2085,3135,2518,2832,3411,2807,2575,1956
30-34,Хэнтий,1,,,,,,,,,,,,,,,,,,1761,2241,2306,2543,2597,1962,2611,2260,1555,2558,2551,3177,2475,3258,1129
30-34,Улаанбаатар,0,,,,,,,,,,,,,,,,,,31738,33288,33084,32385,38850,39129,44641,45377,50528,56124,50435,54597,55192,56225,56026
30-34,Улаанбаатар,1,,,,,,,,,,,,,,,,,,29306,28349,26021,27672,29692,32641,33932,36504,41666,42284,38053,40623,38402,40837,42841
30-34,Улаанбаатар,0,,,,,,,,,,,,,,,,,,,,,,,,,,,,,,,56225,56026
30-34,Улаанбаатар,1,,,,,,,,,,,,,,,,,,,,,,,,,,,,,,,40837,42841
30-34,Хан-Уул,0,,,,,,,,,,,,,,,,,,3648,2851,4375,2208,4427,4749,4739,4880,5264,6328,7548,10152,7508,7373,8489
30-34,Хан-Уул,1,,,,,,,,,,,,,,,,,,2317,2596,3402,2739,2469,3393,4551,3835,4607,5375,3302,4912,4425,5775,6044
30-34,Багануур Багахангай,0,,,,,,,,,,,,,,,,,,862,738,787,978,730,904,807,789,582,794,1580,1269,1012,578,409
30-34,Багануур Багахангай,1,,,,,,,,,,,,,,,,,,1341,805,789,653,1301,817,744,470,817,556,1889,1265,1900,662,360
30-34,Баянзүрх,0,,,,,,,,,,,,,,,,,,6333,8706,7126,8251,9415,10002,12832,12472,14074,15769,13378,12722,15906,13936,13758
30-34,Баянзүрх,1,,,,,,,,,,,,,,,,,,6425,6925,5770,5892,7203,6607,8457,9234,12156,9451,11686,11383,11799,12067,11654
30-34,Налайх,0,,,,,,,,,,,,,,,,,,876,892,1022,878,1128,1054,1379,1332,1043,1280,,,,1297,1369
30-34,Налайх,1,,,,,,,,,,,,,,,,,,721,504,803,1017,856,1088,1074,1128,756,1078,,,,565,979
30-34,Баянгол,0,,,,,,,,,,,,,,,,,,4241,4877,4753,6100,8170,6281,7356,8890,8195,8924,7270,10063,9380,9767,5087
30-34,Баянгол,1,,,,,,,,,,,,,,,,,,4802,4350,5071,5263,5701,6478,5738,6507,8585,7483,6506,6037,6531,6511,4535
30-34,Сүхбаатар,0,,,,,,,,,,,,,,,,,,4284,3460,3626,3762,3691,3830,4767,3270,4914,4759,4585,5633,3324,4925,5583
30-34,Сүхбаатар,1,,,,,,,,,,,,,,,,,,3990,3102,2314,2669,2730,2852,3421,2855,3553,5353,4585,2048,2301,3227,3228
30-34,Чингэлтэй,0,,,,,,,,,,,,,,,,,,3416,4262,3716,3193,3928,4136,5175,4331,4590,4550,5786,4149,4935,4897,5531
30-34,Чингэлтэй,1,,,,,,,,,,,,,,,,,,3071,3459,2610,3955,3453,4235,3044,2907,3568,3757,3859,6162,4436,3403,3184
30-34,Сонгинохайрхан,0,,,,,,,,,,,,,,,,,,8078,7502,7679,7015,7361,8173,7586,9413,11866,13720,10288,10609,13127,13452,15800
30-34,Сонгинохайрхан,1,,,,,,,,,,,,,,,,,,6639,6608,5262,5484,5979,7171,6903,9568,7624,9231,6226,8816,7009,8627,12858
35-39,country,0,,,,,,,,,,,,,,,,,,89453,88820,89275,85921,92066,102558,103858,103200,105165,104876,102290,99296,111517,111683,112231
35-39,country,1,,,,,,,,,,,,,,,,,,89255,89535,88341,88411,91051,96810,97980,95570,98069,95963,90909,89774,98034,93100,90202
35-39,Баян-Өлгий,0,,,,,,,,,,,,,,,,,,3138,3976,3699,3373,3564,3223,3467,3213,3503,4081,2567,2211,2737,3554,3504
35-39,Баян-Өлгий,1,,,,,,,,,,,,,,,,,,3324,4080,3168,4237,3775,3161,2807,3936,3435,3411,1328,1396,3258,3231,4105
35-39,Говь-Алтай,0,,,,,,,,,,,,,,,,,,2596,3081,2107,1964,1887,1761,2150,2336,1728,2150,2708,968,2003,1557,1615
35-39,Говь-Алтай,1,,,,,,,,,,,,,,,,,,2887,2840,2464,2126,2238,2001,2179,2261,2021,1406,2689,1171,1982,2386,1566
35-39,Завхан,0,,,,,,,,,,,,,,,,,,3116,3131,3223,2293,2819,2972,2495,2856,2476,3134,1822,2887,2289,2202,2597
35-39,Завхан,1,,,,,,,,,,,,,,,,,,4139,3118,3011,2395,2848,3217,3159,3256,3154,2603,2745,3030,2462,1611,2830
35-39,Увс,0,,,,,,,,,,,,,,,,,,2918,2931,2688,2249,2435,2625,3084,2351,3252,2940,2305,2784,3594,1704,2675
35-39,Увс,1,,,,,,,,,,,,,,,,,,3347,3093,3339,2212,2715,2198,2774,2456,3105,2771,1933,1402,3235,2336,1661
35-39,Ховд,0,,,,,,,,,,,,,,,,,,2651,2304,2293,2568,2583,3150,2688,2497,3116,3293,1518,2279,2665,1804,2777
35-39,Ховд,1,,,,,,,,,,,,,,,,,,3393,3252,2790,3206,2830,2885,2453,2267,2711,3345,2051,3081,2115,2615,2349
35-39,Архангай,0,,,,,,,,,,,,,,,,,,4473,2682,3256,4134,3381,3277,3202,3706,3232,3348,4044,3721,2467,1810,2841
35-39,Архангай,1,,,,,,,,,,,,,,,,,,3852,2560,3290,3604,4189,3433,3323,2913,4077,2921,4416,2803,2391,2694,3446
35-39,Баянхонгор,0,,,,,,,,,,,,,,,,,,2572,2756,2534,2929,2792,3447,2821,3464,2858,3511,2002,1770,3688,3958,3159
35-39,Баянхонгор,1,,,,,,,,,,,,,,,,,,2376,3098,2962,2652,3124,3844,3141,3839,2967,3353,2215,2796,2469,1985,2672
35-39,Булган,0,,,,,,,,,,,,,,,,,,2009,2133,2311,2188,1988,2158,2214,2216,2284,2164,2002,1350,1830,2778,2015
35-39,Булган,1,,,,,,,,,,,,,,,,,,1739,1419,2794,3524,1644,2259,2220,2586,1717,2348,2144,1596,2261,1697,1429
35-39,Орхон,0,,,,,,,,,,,,,,,,,,4147,3065,3445,3034,2824,3118,3787,2636,2897,3406,2343,3187,3177,4314,3558
35-39,Орхон,1,,,,,,,,,,,,,,,,,,4209,2480,3211,2963,2842,2748,4212,2791,2614,2954,2367,2995,2023,2895,2863
35-39,Өвөрхангай,0,,,,,,,,,,,,,,,,,,3400,3697,3770,4682,4942,4294,3461,3831,3926,3818,4091,3313,5292,4394,4241
35-39,Өвөрхангай,1,,,,,,,,,,,,,,,,,,3414,3624,3651,4279,5387,5635,4591,4444,3846,3811,1881,5148,4536,4194,3552
35-39,Хөвсгөл,0,,,,,,,,,,,,,,,,,,3824,3674,3965,4572,4644,3864,4870,4899,4265,4373,3624,5473,2859,5749,1972
35-39,Хөвсгөл,1,,,,,,,,,,,,,,,,,,4467,4549,4024,4313,4157,3715,4975,4897,4740,3926,6782,6039,3063,5459,1926
35-39,Говьсүмбэр,0,,,,,,,,,,,,,,,,,,176,384,434,300,501,553,405,524,426,480,784,515,412,537,224
35-39,Говьсүмбэр,1,,,,,,,,,,,,,,,,,,592,213,385,295,375,516,409,584,687,302,355,687,465,510,379
35-39,Дархан-Уул,0,,,,,,,,,,,,,,,,,,3336,3279,2643,2471,3921,2720,3216,2604,3782,2654,3313,2796,3003,3209,2960
35-39,Дархан-Уул,1,,,,,,,,,,,,,,,,,,3256,3100,3121,2417,2149,2942,3319,2756,3012,3613,3513,3195,2083,2116,2540
35-39,Дорноговь,0,,,,,,,,,,,,,,,,,,1779,2031,2417,1668,2124,2345,1795,2466,2373,2793,3285,1996,1791,3435,2949
35-39,Дорноговь,1,,,,,,,,,,,,,,,,,,1777,2311,1712,1583,2268,1755,2160,2086,3022,2454,2008,2471,3334,2438,2693
35-39,Дундговь,0,,,,,,,,,,,,,,,,,,1813,1713,1608,1229,1663,1422,1766,1650,1936,1380,2045,1586,2136,1206,1532
35-39,Дундговь,1,,,,,,,,,,,,,,,,,,1518,1935,1861,1460,1642,2001,1732,1780,1569,1805,1974,1444,1912,1312,1195
35-39,Өмнөговь,0,,,,,,,,,,,,,,,,,,1784,2092,1879,1602,2049,2281,2570,2357,1868,2628,2411,2252,1919,3518,3300
35-39,Өмнөговь,1,,,,,,,,,,,,,,,,,,1881,2295,1656,1674,2277,2129,2084,2051,2413,1519,1769,1545,1350,2942,3551
35-39,Сэлэнгэ,0,,,,,,,,,,,,,,,,,,3157,3125,4043,3217,3409,2880,3010,4152,3618,3442,3463,2675,2861,2126,3059
35-39,Сэлэнгэ,1,,,,,,,,,,,,,,,,,,3241,3515,3106,3011,3509,3024,2155,3170,3554,3521,1611,1528,2815,2074,1306
35-39,Төв,0,,,,,,,,,,,,,,,,,,3007,3496,3020,3534,3133,3142,3475,3089,3589,2833,1809,1440,2329,2785,2541
35-39,Төв,1,,,,,,,,,,,,,,,,,,2673,3295,3763,2604,3194,3453,3614,3542,3472,3033,2561,3785,2312,2659,2791
35-39,Дорнод,0,,,,,,,,,,,,,,,,,,1505,2039,2487,2281,2849,2770,3087,2815,2622,3366,2387,3065,4360,2163,3689
35-39,Дорнод,1,,,,,,,,,,,,,,,,,,1570,1517,1772,2409,2061,2380,2479,2530,1697,1918,2639,2433,2579,2639,3964
35-39,Сүхбаатар,0,,,,,,,,,,,,,,,,,,2452,1869,2277,1955,1890,2093,2523,1920,2441,2546,2367,2007,2674,2433,2175
35-39,Сүхбаатар,1,,,,,,,,,,,,,,,,,,2191,2321,2370,2273,2089,1677,2121,2018,2713,2649,1798,2040,2041,1329,2272
35-39,Хэнтий,0,,,,,,,,,,,,,,,,,,1836,1388,2052,2428,2809,2355,2358,3050,2313,2647,2311,1809,3487,3736,2745
35-39,Хэнтий,1,,,,,,,,,,,,,,,,,,2051,1975,2961,2328,2808,3033,2419,2289,1902,2724,1751,1415,3930,2778,3024
35-39,Улаанбаатар,0,,,,,,,,,,,,,,,,,,33764,33974,33124,31250,33859,46108,45414,44568,46660,43889,49089,49212,53944,52712,56101
35-39,Улаанбаатар,1,,,,,,,,,,,,,,,,,,31358,32945,30930,32846,32930,38804,39654,37118,39641,39576,40379,37774,45416,41200,38088
35-39,Улаанбаатар,0,,,,,,,,,,,,,,,,,,,,,,,,,,,,,,,52712,56101
35-39,Улаанбаатар,1,,,,,,,,,,,,,,,,,,,,,,,,,,,,,,,41200,38088
35-39,Хан-Уул,0,,,,,,,,,,,,,,,,,,3860,3301,5193,3364,3451,4177,4727,5006,5318,6269,5190,4586,7336,8970,7627
35-39,Хан-Уул,1,,,,,,,,,,,,,,,,,,2419,2771,3174,3556,3934,4726,4355,5063,3783,5197,4560,1638,5303,7250,3310
35-39,Багануур Багахангай,0,,,,,,,,,,,,,,,,,,1130,814,525,1369,698,1256,881,412,918,939,1530,1510,661,994,719
35-39,Багануур Багахангай,1,,,,,,,,,,,,,,,,,,1579,1001,957,1196,626,1294,685,570,651,608,2317,2711,1075,820,710
35-39,Баянзүрх,0,,,,,,,,,,,,,,,,,,7869,7225,6887,7960,8810,11871,10773,11869,11743,12964,14918,18748,13532,14276,13568
35-39,Баянзүрх,1,,,,,,,,,,,,,,,,,,7283,7226,7916,8527,7472,8393,9594,9139,12126,12256,10151,10546,12331,11557,10890
35-39,Налайх,0,,,,,,,,,,,,,,,,,,437,955,727,955,827,1083,1094,1278,1011,1405,,,,998,1077
35-39,Налайх,1,,,,,,,,,,,,,,,,,,356,995,714,958,737,942,1094,962,630,1157,,,,665,1370
35-39,Баянгол,0,,,,,,,,,,,,,,,,,,5126,5954,5107,5058,5594,7209,7349,7372,7206,6350,8802,9660,9992,8851,11279
35-39,Баянгол,1,,,,,,,,,,,,,,,,,,4904,6191,5438,5748,5883,6608,6988,6455,6124,5322,7080,9459,6535,6918,8514
35-39,Сүхбаатар,0,,,,,,,,,,,,,,,,,,3939,4126,3594,3508,3085,5324,4409,4661,4648,3508,4833,2048,4341,4755,5321
35-39,Сүхбаатар,1,,,,,,,,,,,,,,,,,,3944,4238,3338,3369,3420,4140,4342,4418,3493,2252,3222,1280,2685,3651,2617
35-39,Чингэлтэй,0,,,,,,,,,,,,,,,,,,3735,3838,3297,3507,4271,5852,4190,3993,4749,4786,4887,3395,3166,3486,4274
35-39,Чингэлтэй,1,,,,,,,,,,,,,,,,,,3641,3557,2801,3593,3804,3984,3806,3300,4160,3940,4116,3772,3160,3320,2934
35-39,Сонгинохайрхан,0,,,,,,,,,,,,,,,,,,7668,7761,7794,5529,7123,9336,11991,9977,11067,7668,8929,9265,14916,10381,12237
35-39,Сонгинохайрхан,1,,,,,,,,,,,,,,,,,,7232,6966,6592,5899,7054,8717,8790,7211,8674,8844,8933,8368,14328,7018,7744
40-44,country,0,,,,,,,,,,,,,,,,,,81581,82548,84700,74541,87060,87996,92417,96448,106932,104957,98950,87814,77107,94499,94643
40-44,country,1,,,,,,,,,,,,,,,,,,86930,87017,83105,77006,85615,88372,91645,92700,101615,102159,90931,86707,84719,88064,87894
40-44,Баян-Өлгий,0,,,,,,,,,,,,,,,,,,3504,3666,2683,2855,3949,3366,3128,4009,4165,4946,1708,1897,3976,3739,2756
40-44,Баян-Өлгий,1,,,,,,,,,,,,,,,,,,2595,3500,2651,2769,3440,3435,3483,3639,3967,4205,1509,2296,3137,2698,2128
40-44,Говь-Алтай,0,,,,,,,,,,,,,,,,,,2415,2253,2763,2019,1864,2025,2215,2352,2208,2099,1285,1820,1126,2329,1313
40-44,Говь-Алтай,1,,,,,,,,,,,,,,,,,,1608,2400,2247,1994,1486,1903,2076,1808,2195,2509,1916,2339,1500,1014,1381
40-44,Завхан,0,,,,,,,,,,,,,,,,,,2494,2749,3021,2506,2132,3120,2947,2812,3499,2572,2297,1931,2428,2145,2895
40-44,Завхан,1,,,,,,,,,,,,,,,,,,2090,3072,3463,2550,2267,2859,2327,3083,2818,2380,1903,1767,3706,3934,1458
40-44,Увс,0,,,,,,,,,,,,,,,,,,4048,3243,3672,2773,3070,2376,3042,2925,3184,2848,2504,3650,3307,2373,1891
40-44,Увс,1,,,,,,,,,,,,,,,,,,5061,3396,3959,3194,2868,2683,2522,2974,2980,2692,2173,1603,4209,1934,2990
40-44,Ховд,0,,,,,,,,,,,,,,,,,,2435,2674,3031,2565,2444,2997,2967,3565,3282,3036,3958,1840,1853,2364,2858
40-44,Ховд,1,,,,,,,,,,,,,,,,,,2630,2184,2892,2362,1991,2619,3101,3343,3135,3579,3021,2886,2568,2824,1307
40-44,Архангай,0,,,,,,,,,,,,,,,,,,2403,3742,3794,2807,4039,3396,3325,2965,3345,2297,3667,2500,2741,4074,2937
40-44,Архангай,1,,,,,,,,,,,,,,,,,,4099,4470,4074,3067,3905,3302,4367,4189,3546,3272,2359,3729,4438,3949,2104
40-44,Баянхонгор,0,,,,,,,,,,,,,,,,,,2631,3152,3082,1933,2422,2668,2919,3506,2354,2577,2139,4251,1097,2367,2656
40-44,Баянхонгор,1,,,,,,,,,,,,,,,,,,2729,3314,3085,2340,2297,2732,3488,3203,2753,3537,2523,2937,2882,4171,3696
40-44,Булган,0,,,,,,,,,,,,,,,,,,2264,2125,2635,2262,2439,2348,2229,2480,1996,2449,1671,1422,1894,1462,1276
40-44,Булган,1,,,,,,,,,,,,,,,,,,2855,1684,1849,1353,2114,2177,2105,1966,2454,2620,2335,1266,2195,2028,1825
40-44,Орхон,0,,,,,,,,,,,,,,,,,,2982,3469,2711,3131,2921,3495,2841,3505,2670,2805,2720,2867,3295,2658,2850
40-44,Орхон,1,,,,,,,,,,,,,,,,,,3732,3238,3660,2992,3086,3523,2779,3625,3104,2592,2144,2369,3176,3079,2514
40-44,Өвөрхангай,0,,,,,,,,,,,,,,,,,,3923,4054,3720,3878,4212,4545,3907,3835,3596,4610,3641,2828,3325,2305,1740
40-44,Өвөрхангай,1,,,,,,,,,,,,,,,,,,4473,4110,4210,4130,3829,4490,3410,2665,4626,4902,3320,2723,2267,3070,2322
40-44,Хөвсгөл,0,,,,,,,,,,,,,,,,,,4574,4848,3985,4734,3894,3749,3764,4566,5355,4841,7389,4143,3036,4827,4642
40-44,Хөвсгөл,1,,,,,,,,,,,,,,,,,,4573,4882,4069,4564,4953,4079,4348,5592,3642,4672,2710,2129,2445,2934,4525
40-44,Говьсүмбэр,0,,,,,,,,,,,,,,,,,,599,252,436,336,519,322,564,606,678,427,545,502,535,380,758
40-44,Говьсүмбэр,1,,,,,,,,,,,,,,,,,,590,505,600,121,399,286,499,685,741,616,545,657,257,173,431
40-44,Дархан-Уул,0,,,,,,,,,,,,,,,,,,3702,2749,2848,2078,1985,2357,3342,2787,3384,2113,3353,3156,2477,2382,1893
40-44,Дархан-Уул,1,,,,,,,,,,,,,,,,,,4107,2665,2701,2594,3185,3223,3632,3179,3354,3075,4145,2524,1987,2584,1971
40-44,Дорноговь,0,,,,,,,,,,,,,,,,,,1552,2220,1849,1561,2041,2053,2164,2998,2327,2587,2698,2045,951,1386,2763
40-44,Дорноговь,1,,,,,,,,,,,,,,,,,,1552,1693,1706,1874,2338,2353,1966,2280,2152,2478,3402,1442,2166,1473,2066
40-44,Дундговь,0,,,,,,,,,,,,,,,,,,1548,1355,2156,1476,1418,1745,1466,1357,1725,1672,1763,1015,1395,2084,1280
40-44,Дундговь,1,,,,,,,,,,,,,,,,,,1569,2210,1896,1598,1494,1782,1741,1510,1572,1574,1934,819,1760,2044,1617
40-44,Өмнөговь,0,,,,,,,,,,,,,,,,,,2398,1829,1528,1490,2171,2254,2223,2007,2567,2039,1692,1816,2097,2146,3715
40-44,Өмнөговь,1,,,,,,,,,,,,,,,,,,2152,1983,2304,1981,2287,2067,2275,2248,2160,1883,2216,2635,2062,1481,2907
40-44,Сэлэнгэ,0,,,,,,,,,,,,,,,,,,2949,3638,3377,2439,2957,3227,3229,3268,4338,3952,3106,1047,3283,1781,1050
40-44,Сэлэнгэ,1,,,,,,,,,,,,,,,,,,3718,3907,3468,2518,3392,2554,3559,2765,2835,3448,3200,1755,1328,1531,1509
40-44,Төв,0,,,,,,,,,,,,,,,,,,1934,2800,4177,3293,3087,2912,2888,3588,3180,3013,4373,2091,1891,3524,4763
40-44,Төв,1,,,,,,,,,,,,,,,,,,2745,2577,3129,3199,2585,2838,3159,3620,3007,2964,4942,2200,2265,2322,2896
40-44,Дорнод,0,,,,,,,,,,,,,,,,,,1444,1591,1580,1381,1621,2051,2158,2114,2558,2280,1988,2586,2629,2051,3936
40-44,Дорнод,1,,,,,,,,,,,,,,,,,,1373,2191,1999,1590,1635,2282,2893,2124,1905,2011,1432,2221,2186,2108,3031
40-44,Сүхбаатар,0,,,,,,,,,,,,,,,,,,1960,1898,1644,2209,1736,1983,1987,2109,1870,2299,1874,787,2645,1859,2129
40-44,Сүхбаатар,1,,,,,,,,,,,,,,,,,,1643,1956,1498,1985,1606,1876,2185,2211,1813,2233,2462,1328,2717,2238,2876
40-44,Хэнтий,0,,,,,,,,,,,,,,,,,,1539,1228,3653,1587,2885,2285,2646,2671,2208,3130,2834,2035,3182,3661,2371
40-44,Хэнтий,1,,,,,,,,,,,,,,,,,,1790,1327,1802,1798,2815,2594,2755,2430,2521,2578,2974,2836,2845,3408,3243
40-44,Улаанбаатар,0,,,,,,,,,,,,,,,,,,28283,27013,26355,25228,33254,32722,36466,36423,46443,46365,41745,41585,27945,42601,42170
40-44,Улаанбаатар,1,,,,,,,,,,,,,,,,,,29246,29753,25843,26433,31643,32715,32975,33561,44335,42339,37766,42246,32624,37066,39096
40-44,Улаанбаатар,0,,,,,,,,,,,,,,,,,,,,,,,,,,,,,,,42601,42170
40-44,Улаанбаатар,1,,,,,,,,,,,,,,,,,,,,,,,,,,,,,,,37066,39096
40-44,Хан-Уул,0,,,,,,,,,,,,,,,,,,2163,2713,2606,2217,3272,3836,4328,5461,5534,4810,4875,3930,4788,7004,6044
40-44,Хан-Уул,1,,,,,,,,,,,,,,,,,,2778,2744,2641,2367,3052,4100,3209,4946,6455,5030,5347,6222,3069,5038,5900
40-44,Багануур Багахангай,0,,,,,,,,,,,,,,,,,,973,1098,1263,679,1071,1015,678,676,861,641,2591,1048,735,1058,673
40-44,Багануур Багахангай,1,,,,,,,,,,,,,,,,,,779,1252,1345,1190,1132,948,877,939,762,775,1760,1731,886,1161,496
40-44,Баянзүрх,0,,,,,,,,,,,,,,,,,,7292,6646,5461,5988,7623,5307,8583,8959,13417,13957,13842,8536,5293,10197,9553
40-44,Баянзүрх,1,,,,,,,,,,,,,,,,,,6467,6135,4963,5867,7920,5721,6476,7680,13063,11345,11536,9374,8381,9517,9363
40-44,Налайх,0,,,,,,,,,,,,,,,,,,888,1202,968,306,993,792,1170,834,922,956,,,,1064,1468
40-44,Налайх,1,,,,,,,,,,,,,,,,,,808,1088,790,528,732,919,1095,1488,1025,1106,,,,1264,1121
40-44,Баянгол,0,,,,,,,,,,,,,,,,,,4711,3988,4582,4332,6181,7362,6428,5631,7286,5331,4211,9257,7556,6715,5308
40-44,Баянгол,1,,,,,,,,,,,,,,,,,,5705,4734,5358,4636,6096,7019,5337,4665,5865,6182,4784,4629,4082,5087,7297
40-44,Сүхбаатар,0,,,,,,,,,,,,,,,,,,3715,3193,2901,3696,3218,4160,3504,3027,3969,4352,3347,2561,2562,2972,4798
40-44,Сүхбаатар,1,,,,,,,,,,,,,,,,,,3224,4292,2854,3753,3488,3093,3487,2265,4096,4427,5082,5633,4477,3736,4014
40-44,Чингэлтэй,0,,,,,,,,,,,,,,,,,,2494,2895,2762,3070,3846,3421,3186,3996,3970,4028,4759,4149,2149,4233,3016
40-44,Чингэлтэй,1,,,,,,,,,,,,,,,,,,3149,3199,2635,3803,3032,3181,4219,4306,4347,3979,4115,3898,4425,2490,2849
40-44,Сонгинохайрхан,0,,,,,,,,,,,,,,,,,,6047,5278,5812,4940,7050,6829,8589,7839,10484,12290,8120,12104,4861,9358,11309
40-44,Сонгинохайрхан,1,,,,,,,,,,,,,,,,,,6336,6309,5257,4289,6191,7734,8275,7272,8722,9495,5142,10759,7303,8773,8056
45-49,country,0,,,,,,,,,,,,,,,,,,73657,73177,71727,66143,74809,73107,76661,79276,87108,89278,84108,80427,76113,85964,81572
45-49,country,1,,,,,,,,,,,,,,,,,,79135,72615,76580,69615,76245,79927,83617,84589,89447,93018,82020,88260,76500,84444,86835
45-49,Баян-Өлгий,0,,,,,,,,,,,,,,,,,,2279,2341,3196,2067,2535,2763,2405,2679,3587,3993,1588,1964,1804,3211,3235
45-49,Баян-Өлгий,1,,,,,,,,,,,,,,,,,,2584,1905,2705,2294,2472,2887,2829,2956,2757,4443,1700,2805,900,2290,2265
45-49,Говь-Алтай,0,,,,,,,,,,,,,,,,,,1336,1802,1542,1496,1553,1832,2086,1357,1691,2462,2145,1623,1389,1502,1574
45-49,Говь-Алтай,1,,,,,,,,,,,,,,,,,,2261,1113,1820,1370,1375,1953,2071,1713,1393,2234,2182,1868,2341,1462,2057
45-49,Завхан,0,,,,,,,,,,,,,,,,,,2187,2716,2597,2755,2140,1771,2100,2361,2301,2386,2147,2299,2500,2909,3053
45-49,Завхан,1,,,,,,,,,,,,,,,,,,2592,2940,2624,2611,2063,2971,2738,2154,2617,2822,2663,3381,1876,1418,1504
45-49,Увс,0,,,,,,,,,,,,,,,,,,3170,2857,3213,2715,2795,2424,1920,2448,2589,2500,2689,1339,3597,3106,1918
45-49,Увс,1,,,,,,,,,,,,,,,,,,2174,2628,3038,3428,2628,2737,2601,2989,2632,2909,2799,2316,3198,3085,1797
45-49,Ховд,0,,,,,,,,,,,,,,,,,,2596,2648,3102,2053,2633,2066,2895,2437,2554,2855,1645,2339,3179,4224,2186
45-49,Ховд,1,,,,,,,,,,,,,,,,,,2235,2550,2696,1729,2739,1867,2923,3356,2041,2259,2709,1678,1763,2954,1601
45-49,Архангай,0,,,,,,,,,,,,,,,,,,2640,3793,3743,2348,3209,2977,3815,3351,3610,3329,2195,3672,4815,4198,1791
45-49,Архангай,1,,,,,,,,,,,,,,,,,,1370,3001,3724,2308,3325,3714,3339,2611,2730,3718,1909,3426,3312,4024,2578
45-49,Баянхонгор,0,,,,,,,,,,,,,,,,,,1747,2193,2516,1991,2123,2208,2548,2512,3002,2917,2277,3330,1396,2588,2808
45-49,Баянхонгор,1,,,,,,,,,,,,,,,,,,2521,1801,2622,1952,2406,2387,1868,2968,2935,3524,1758,4039,1698,3977,3022
45-49,Булган,0,,,,,,,,,,,,,,,,,,2179,2552,1771,1940,2165,2103,1712,1552,2361,2075,2311,1040,2235,1771,1542
45-49,Булган,1,,,,,,,,,,,,,,,,,,1828,2832,1557,1343,2463,2245,1944,1297,2081,2243,2565,1758,1303,2609,2577
45-49,Орхон,0,,,,,,,,,,,,,,,,,,2858,2624,1876,2589,2923,3126,2355,3374,2834,2338,2681,2222,2969,2253,1907
45-49,Орхон,1,,,,,,,,,,,,,,,,,,3044,3031,2334,2933,2803,3646,2708,3094,2991,3898,3234,3033,2654,2264,2788
45-49,Өвөрхангай,0,,,,,,,,,,,,,,,,,,3699,3018,3389,3935,3124,3178,3489,2860,4470,3741,2761,2598,2497,2641,2389
45-49,Өвөрхангай,1,,,,,,,,,,,,,,,,,,3510,2939,3205,3215,3240,3073,3313,2856,4228,3472,2157,2265,2911,2643,3012
45-49,Хөвсгөл,0,,,,,,,,,,,,,,,,,,4481,3553,3413,3154,3490,3414,4162,3563,3269,4897,2147,2420,1440,3366,2441
45-49,Хөвсгөл,1,,,,,,,,,,,,,,,,,,3779,4118,4082,3839,3629,3420,3280,3620,4024,4284,3082,2572,3408,4295,6149
45-49,Говьсүмбэр,0,,,,,,,,,,,,,,,,,,577,255,354,125,305,258,265,278,406,731,344,679,307,482,424
45-49,Говьсүмбэр,1,,,,,,,,,,,,,,,,,,168,373,394,247,423,350,458,346,515,716,604,429,673,757,578
45-49,Дархан-Уул,0,,,,,,,,,,,,,,,,,,2965,2461,2456,2084,2803,2646,2606,2415,2633,3111,3414,2584,2376,3082,2715
45-49,Дархан-Уул,1,,,,,,,,,,,,,,,,,,3348,2575,2735,2216,2256,2673,3004,2523,2749,2632,2966,4382,3621,2525,2218
45-49,Дорноговь,0,,,,,,,,,,,,,,,,,,1443,1838,1191,1732,1971,1553,1737,1816,2572,1952,3208,2625,2418,2089,1944
45-49,Дорноговь,1,,,,,,,,,,,,,,,,,,1447,1885,1150,1467,1773,1537,1802,1990,1939,1670,3017,1134,1574,2860,2299
45-49,Дундговь,0,,,,,,,,,,,,,,,,,,1608,2431,1442,1383,1523,1353,1478,1360,1386,1546,1446,1095,1046,2086,1551
45-49,Дундговь,1,,,,,,,,,,,,,,,,,,1676,1749,1143,1440,1458,1554,1123,1756,1491,1615,1502,1622,1365,1968,1885
45-49,Өмнөговь,0,,,,,,,,,,,,,,,,,,1515,1254,1339,1528,1484,1726,1564,2364,2099,2251,2351,2048,1333,2398,2059
45-49,Өмнөговь,1,,,,,,,,,,,,,,,,,,2140,1539,1629,986,1148,2273,2354,1988,2339,3017,1379,1343,1359,1366,940
45-49,Сэлэнгэ,0,,,,,,,,,,,,,,,,,,3443,3042,2891,2851,3249,2616,3039,2480,3767,3166,3155,2378,1872,1709,2239
45-49,Сэлэнгэ,1,,,,,,,,,,,,,,,,,,4010,3176,3008,3024,2727,2630,2636,2964,4663,4117,2816,1925,2480,1151,1740
45-49,Төв,0,,,,,,,,,,,,,,,,,,2969,2721,3097,2546,2283,2339,3512,2768,3121,3263,3628,2294,2787,2499,1442
45-49,Төв,1,,,,,,,,,,,,,,,,,,3937,2816,3201,2672,2740,3398,3639,3430,2901,4546,2839,3354,1977,2826,2732
45-49,Дорнод,0,,,,,,,,,,,,,,,,,,1575,1702,1685,1212,986,1861,1320,2067,1673,1872,1573,2105,1303,1342,2588
45-49,Дорнод,1,,,,,,,,,,,,,,,,,,1359,1976,1890,1417,1680,1765,1801,2228,2832,1758,2864,3205,3126,1736,1928
45-49,Сүхбаатар,0,,,,,,,,,,,,,,,,,,1338,1844,1448,1540,1340,1623,1590,1826,1697,2125,2255,2354,1829,1240,2202
45-49,Сүхбаатар,1,,,,,,,,,,,,,,,,,,1725,1566,2229,1634,1417,1631,1262,1910,1918,1435,1813,2431,1803,1339,2173
45-49,Хэнтий,0,,,,,,,,,,,,,,,,,,1726,872,1334,1452,2359,2558,2253,2375,1741,2066,2561,2086,2233,2081,2657
45-49,Хэнтий,1,,,,,,,,,,,,,,,,,,1661,1614,1879,1725,2309,2522,2643,2230,2148,2185,2596,2150,1630,2213,2907
45-49,Улаанбаатар,0,,,,,,,,,,,,,,,,,,25326,24660,24132,22647,27816,26712,27810,31033,33745,33702,35587,35333,30789,35188,36906
45-49,Улаанбаатар,1,,,,,,,,,,,,,,,,,,29766,24488,26915,25765,29171,28694,33281,33610,35523,33521,32866,37144,31529,34682,38084
45-49,Улаанбаатар,0,,,,,,,,,,,,,,,,,,,,,,,,,,,,,,,35188,36906
45-49,Улаанбаатар,1,,,,,,,,,,,,,,,,,,,,,,,,,,,,,,,34682,38084
45-49,Хан-Уул,0,,,,,,,,,,,,,,,,,,2763,2502,2059,2261,2452,3437,3183,4186,3600,3721,5662,3930,8878,3564,3453
45-49,Хан-Уул,1,,,,,,,,,,,,,,,,,,2039,2708,2653,2942,2615,3090,4013,4873,4333,4157,2988,1965,6492,5653,6476
45-49,Багануур Багахангай,0,,,,,,,,,,,,,,,,,,600,817,899,919,746,729,756,680,743,738,1001,1048,878,975,528
45-49,Багануур Багахангай,1,,,,,,,,,,,,,,,,,,411,433,1003,958,784,884,1047,717,787,909,1318,1842,1957,566,1082
45-49,Баянзүрх,0,,,,,,,,,,,,,,,,,,5196,5881,5034,5693,7637,7352,5646,6910,12013,7418,6612,7198,8391,8498,12418
45-49,Баянзүрх,1,,,,,,,,,,,,,,,,,,6553,5634,6573,6236,7412,6933,6580,9107,9049,8607,6304,8035,7178,5948,11843
45-49,Налайх,0,,,,,,,,,,,,,,,,,,808,616,778,267,500,817,895,1106,1041,834,,,,532,1438
45-49,Налайх,1,,,,,,,,,,,,,,,,,,321,733,584,356,760,808,1126,993,1052,832,,,,432,1020
45-49,Баянгол,0,,,,,,,,,,,,,,,,,,3769,3401,4229,3604,5148,4405,4225,4481,4143,5550,3442,7446,3474,5901,5861
45-49,Баянгол,1,,,,,,,,,,,,,,,,,,4051,3410,4478,3842,5736,5249,5079,5079,5786,5620,3253,9257,3878,6003,4645
45-49,Сүхбаатар,0,,,,,,,,,,,,,,,,,,2409,3452,2855,2971,3052,2232,3261,3754,3676,3494,3717,4097,3193,4840,3840
45-49,Сүхбаатар,1,,,,,,,,,,,,,,,,,,4713,3514,4229,3491,2971,3504,3484,2737,3829,3684,4214,5377,2811,4161,2792
45-49,Чингэлтэй,0,,,,,,,,,,,,,,,,,,2855,2699,3237,3267,2977,2836,3331,2348,2779,3855,2701,3395,2021,3569,3017
45-49,Чингэлтэй,1,,,,,,,,,,,,,,,,,,3737,2782,2202,3948,3967,2803,4074,2962,3418,3230,4503,3646,2526,4316,3100
45-49,Сонгинохайрхан,0,,,,,,,,,,,,,,,,,,6926,5292,5041,3665,5304,4904,6513,7568,5750,8092,12452,8219,3955,7311,6351
45-49,Сонгинохайрхан,1,,,,,,,,,,,,,,,,,,7941,5274,5193,3992,4926,5423,7878,7142,7269,6482,10286,7022,6687,7603,7125
50-54,country,0,,,,,,,,,,,,,,,,,,44709,50587,51211,48263,51303,58120,61766,64852,71689,71098,60515,58347,58514,59777,65168
50-54,country,1,,,,,,,,,,,,,,,,,,39808,44353,43036,49151,55556,54180,57889,60700,71469,71353,63154,61702,67635,66874,73596
50-54,Баян-Өлгий,0,,,,,,,,,,,,,,,,,,1426,1318,2104,1723,1688,1834,2419,2043,1972,2408,1737,2114,1298,1945,2249
50-54,Баян-Өлгий,1,,,,,,,,,,,,,,,,,,1238,1347,1690,1681,1489,1640,1829,1962,1970,2625,1982,837,1128,1762,2637
50-54,Говь-Алтай,0,,,,,,,,,,,,,,,,,,1868,983,908,1023,976,1268,1260,1339,1324,1564,1810,1008,1339,971,711
50-54,Говь-Алтай,1,,,,,,,,,,,,,,,,,,1158,1555,1032,1416,1249,1366,1540,1254,1427,1588,1222,1089,1677,973,1220
50-54,Завхан,0,,,,,,,,,,,,,,,,,,1124,2003,1827,1866,1569,2557,1495,1849,1902,1764,1094,1692,1617,1416,1725
50-54,Завхан,1,,,,,,,,,,,,,,,,,,786,1379,1128,2139,1608,2111,1731,1545,1697,1884,1192,1780,1473,3308,2776
50-54,Увс,0,,,,,,,,,,,,,,,,,,1460,1355,1820,2092,1847,2330,2503,1664,2241,2750,2196,1771,2667,1232,1592
50-54,Увс,1,,,,,,,,,,,,,,,,,,1769,1727,1292,1510,1494,1901,1934,1166,1702,1963,2082,2070,1260,1124,2210
50-54,Ховд,0,,,,,,,,,,,,,,,,,,1944,1210,1650,1552,1376,1468,2155,2683,1500,1937,1253,670,2639,971,2163
50-54,Ховд,1,,,,,,,,,,,,,,,,,,1963,1610,1183,1464,1287,1265,1735,2036,1674,2186,2263,816,3049,1327,2717
50-54,Архангай,0,,,,,,,,,,,,,,,,,,1989,2018,2337,1857,2177,2268,2750,2470,2778,2720,2850,2653,1614,1725,2484
50-54,Архангай,1,,,,,,,,,,,,,,,,,,1559,1535,2477,2264,2019,1775,1895,2015,3077,2546,2121,2862,2724,2856,3350
50-54,Баянхонгор,0,,,,,,,,,,,,,,,,,,1656,1444,1355,1352,1480,1265,1594,1837,1926,2284,1622,1473,1274,2723,1638
50-54,Баянхонгор,1,,,,,,,,,,,,,,,,,,1815,1586,1542,1121,1268,1168,1182,1151,1627,1663,1937,1627,2135,2875,1183
50-54,Булган,0,,,,,,,,,,,,,,,,,,1559,1604,1512,714,1910,1913,1231,1387,1956,2304,3132,1909,1182,1464,2795
50-54,Булган,1,,,,,,,,,,,,,,,,,,1213,1501,991,1253,1650,1518,1357,1901,2219,1727,2408,2098,1384,1147,2903
50-54,Орхон,0,,,,,,,,,,,,,,,,,,1425,1486,1977,1853,1831,2084,1809,2225,2838,2541,2522,2036,2523,1343,1442
50-54,Орхон,1,,,,,,,,,,,,,,,,,,870,1640,1164,1979,1802,1766,2188,2748,3167,2417,2577,1815,2351,1590,1349
50-54,Өвөрхангай,0,,,,,,,,,,,,,,,,,,1720,2497,2510,1532,2180,2401,2697,3060,3947,2868,2617,1947,1989,2816,3059
50-54,Өвөрхангай,1,,,,,,,,,,,,,,,,,,1889,1271,1662,1768,2762,1944,2880,2402,2951,3504,2761,1688,3419,1476,3466
50-54,Хөвсгөл,0,,,,,,,,,,,,,,,,,,1616,3054,2749,2433,2554,1700,2970,2416,2347,2664,3497,2491,4983,1424,4449
50-54,Хөвсгөл,1,,,,,,,,,,,,,,,,,,1642,2109,2369,2460,2730,1728,2951,2242,2873,2775,5690,2503,4464,2353,3628
50-54,Говьсүмбэр,0,,,,,,,,,,,,,,,,,,167,370,316,0,181,199,254,408,500,348,399,338,494,192,439
50-54,Говьсүмбэр,1,,,,,,,,,,,,,,,,,,168,130,93,81,157,190,375,279,407,617,318,296,370,199,398
50-54,Дархан-Уул,0,,,,,,,,,,,,,,,,,,952,2222,1921,2131,1329,1720,2043,1798,2150,2176,2076,1646,2037,2187,2101
50-54,Дархан-Уул,1,,,,,,,,,,,,,,,,,,808,1585,1759,1865,2284,2423,1891,2050,2347,1876,2133,2272,2294,3379,2074
50-54,Дорноговь,0,,,,,,,,,,,,,,,,,,1217,1544,890,1457,1414,1387,1449,1356,1608,1195,1585,837,806,2584,1180
50-54,Дорноговь,1,,,,,,,,,,,,,,,,,,710,871,908,1384,1432,1172,1297,1925,1529,1345,1167,1798,729,1572,1044
50-54,Дундговь,0,,,,,,,,,,,,,,,,,,738,916,1248,1220,1203,1401,1232,1304,1278,1433,1449,1431,1576,1694,640
50-54,Дундговь,1,,,,,,,,,,,,,,,,,,1270,929,1305,1160,1235,1076,902,973,1189,1449,1968,1337,955,982,1034
50-54,Өмнөговь,0,,,,,,,,,,,,,,,,,,764,1209,945,524,891,1820,1120,1312,1270,1842,2326,1428,1282,1749,968
50-54,Өмнөговь,1,,,,,,,,,,,,,,,,,,758,1170,787,651,1108,1568,1131,796,1561,1917,3608,2273,1529,1282,1203
50-54,Сэлэнгэ,0,,,,,,,,,,,,,,,,,,1786,2217,1563,2411,2229,2255,2718,2102,3419,3421,2619,2149,863,1612,1509
50-54,Сэлэнгэ,1,,,,,,,,,,,,,,,,,,1747,2259,1905,2518,2094,1263,2466,2398,2815,3474,1574,1959,1636,1472,1437
50-54,Төв,0,,,,,,,,,,,,,,,,,,2106,1980,3293,1745,2448,2489,2820,2489,3808,3592,3003,3057,1947,1143,1823
50-54,Төв,1,,,,,,,,,,,,,,,,,,1350,2191,2935,2502,2644,1796,2864,2914,3559,3013,1774,2150,2420,3240,1984
50-54,Дорнод,0,,,,,,,,,,,,,,,,,,929,1793,1488,1288,1304,1313,1750,2044,1700,2063,1228,1932,1883,1777,1147
50-54,Дорнод,1,,,,,,,,,,,,,,,,,,1064,1199,881,1228,1264,1211,1670,1149,1540,1881,892,2178,1888,1259,1677
50-54,Сүхбаатар,0,,,,,,,,,,,,,,,,,,1038,1166,1386,1127,1059,1195,1455,1149,1248,888,1841,1324,1430,784,1220
50-54,Сүхбаатар,1,,,,,,,,,,,,,,,,,,1554,899,992,978,957,1039,1259,1735,1680,1087,1408,1840,1171,1098,1367
50-54,Хэнтий,0,,,,,,,,,,,,,,,,,,1606,1314,1224,1777,1430,1928,1219,2175,1722,1645,1407,1970,1872,1144,1607
50-54,Хэнтий,1,,,,,,,,,,,,,,,,,,1550,1116,1084,1005,1224,1724,1718,1262,1316,1749,1901,1000,1510,1330,1318
50-54,Улаанбаатар,0,,,,,,,,,,,,,,,,,,15619,16884,16188,16586,18227,21325,22823,25742,28255,26691,18252,22471,21199,26883,28227
50-54,Улаанбаатар,1,,,,,,,,,,,,,,,,,,12927,14744,13857,16724,21799,22536,21094,24797,29142,28067,20176,25414,28069,30272,32621
50-54,Улаанбаатар,0,,,,,,,,,,,,,,,,,,,,,,,,,,,,,,,26883,28227
50-54,Улаанбаатар,1,,,,,,,,,,,,,,,,,,,,,,,,,,,,,,,30272,32621
50-54,Хан-Уул,0,,,,,,,,,,,,,,,,,,1400,1853,1304,1414,1659,2994,2984,3396,3492,3466,2517,1637,3581,4178,5180
50-54,Хан-Уул,1,,,,,,,,,,,,,,,,,,1463,1382,853,1262,2902,3214,2880,2449,5034,2953,2202,2947,3759,4547,4461
50-54,Багануур Багахангай,0,,,,,,,,,,,,,,,,,,455,212,681,515,532,254,561,471,680,459,1123,1001,923,499,791
50-54,Багануур Багахангай,1,,,,,,,,,,,,,,,,,,238,440,314,333,580,479,411,603,625,795,156,2559,914,313,506
50-54,Баянзүрх,0,,,,,,,,,,,,,,,,,,2829,4974,3989,3453,3721,4095,4774,7620,9291,5562,4613,6026,7182,5099,7069
50-54,Баянзүрх,1,,,,,,,,,,,,,,,,,,2960,4154,3275,3718,4266,4784,4170,6785,7395,8425,5380,6193,8057,9347,8407
50-54,Налайх,0,,,,,,,,,,,,,,,,,,334,342,341,581,461,436,899,715,569,599,,,,798,384
50-54,Налайх,1,,,,,,,,,,,,,,,,,,535,509,254,500,554,394,864,452,736,1040,,,,1031,494
50-54,Баянгол,0,,,,,,,,,,,,,,,,,,2868,2387,2670,2674,3777,3225,3504,3703,3079,4675,2106,2817,1634,3561,4202
50-54,Баянгол,1,,,,,,,,,,,,,,,,,,1764,2457,2894,2999,3313,3842,2877,3301,4220,3087,4400,1610,3059,3561,5087
50-54,Сүхбаатар,0,,,,,,,,,,,,,,,,,,2432,2526,2687,1949,2462,2297,2251,2570,2762,2712,1983,3072,2432,1868,3578
50-54,Сүхбаатар,1,,,,,,,,,,,,,,,,,,1699,1750,2552,2497,2881,2344,2812,2108,3270,3535,2229,3841,2555,2802,3838
50-54,Чингэлтэй,0,,,,,,,,,,,,,,,,,,1962,1785,1641,2565,1578,2195,2070,2544,2613,3098,3472,2389,3929,3569,3770
50-54,Чингэлтэй,1,,,,,,,,,,,,,,,,,,1783,1872,1155,2205,2263,2437,2508,3309,2471,3126,2830,2137,3036,2822,1927
50-54,Сонгинохайрхан,0,,,,,,,,,,,,,,,,,,3339,2805,2875,3435,4037,5829,5780,4723,5769,6120,2438,5529,1518,7311,3254
50-54,Сонгинохайрхан,1,,,,,,,,,,,,,,,,,,2485,2180,2560,3210,5040,5042,4572,5790,5391,5106,2979,6127,6690,5849,7901
55-59,country,0,,,,,,,,,,,,,,,,,,20979,22575,23840,24716,28999,29333,36169,37447,41516,46009,43432,38851,43958,44707,51718
55-59,country,1,,,,,,,,,,,,,,,,,,12809,14009,15180,19078,21849,18913,21890,24806,26994,27974,31734,33911,29996,29660,37701
55-59,Баян-Өлгий,0,,,,,,,,,,,,,,,,,,881,576,890,1093,846,912,1353,1388,1320,1488,796,240,1370,1771,2062
55-59,Баян-Өлгий,1,,,,,,,,,,,,,,,,,,690,491,787,854,319,396,647,375,1235,1068,880,430,1889,713,1078
55-59,Говь-Алтай,0,,,,,,,,,,,,,,,,,,428,439,549,647,1104,747,1075,1093,1055,1473,611,734,854,542,669
55-59,Говь-Алтай,1,,,,,,,,,,,,,,,,,,1064,163,330,589,722,671,586,825,1000,1169,251,1567,189,320,225
55-59,Завхан,0,,,,,,,,,,,,,,,,,,406,737,560,1156,1164,1209,1252,1325,1885,1618,1568,662,1360,872,1765
55-59,Завхан,1,,,,,,,,,,,,,,,,,,411,540,433,371,1077,821,872,763,1059,853,1030,658,755,647,647
55-59,Увс,0,,,,,,,,,,,,,,,,,,1009,617,904,628,601,715,1191,1233,1136,1137,1813,331,1281,449,1377
55-59,Увс,1,,,,,,,,,,,,,,,,,,606,352,562,562,628,545,1048,846,866,512,942,132,1468,513,1275
55-59,Ховд,0,,,,,,,,,,,,,,,,,,700,507,1126,878,1052,689,796,1054,1937,1699,1847,2752,2337,2301,1686
55-59,Ховд,1,,,,,,,,,,,,,,,,,,448,499,1167,565,444,667,579,595,1012,546,2080,1576,1905,1740,1663
55-59,Архангай,0,,,,,,,,,,,,,,,,,,927,1169,1478,1386,827,785,1025,1223,1327,1750,3047,2079,2037,1520,802
55-59,Архангай,1,,,,,,,,,,,,,,,,,,900,1163,949,1496,720,959,954,1356,1104,1343,2024,1032,699,1140,737
55-59,Баянхонгор,0,,,,,,,,,,,,,,,,,,1233,739,522,457,717,890,899,675,903,979,1351,462,261,723,1249
55-59,Баянхонгор,1,,,,,,,,,,,,,,,,,,534,394,421,664,711,620,678,670,737,183,1099,722,200,186,1103
55-59,Булган,0,,,,,,,,,,,,,,,,,,330,1025,1008,1067,900,909,1267,1491,2054,1447,1543,1233,739,1273,1418
55-59,Булган,1,,,,,,,,,,,,,,,,,,333,699,860,917,501,803,938,1137,937,1087,1070,1170,184,1153,1190
55-59,Орхон,0,,,,,,,,,,,,,,,,,,1015,556,456,908,1107,1420,1197,847,1535,1792,919,2042,1371,936,600
55-59,Орхон,1,,,,,,,,,,,,,,,,,,426,347,324,870,547,759,1041,517,529,380,1467,1730,280,694,958
55-59,Өвөрхангай,0,,,,,,,,,,,,,,,,,,697,1057,1381,1344,1597,1667,1925,1556,1871,2790,2292,2004,2193,2180,1422
55-59,Өвөрхангай,1,,,,,,,,,,,,,,,,,,760,603,850,1376,1049,922,1727,1396,1446,1643,2732,982,1464,910,1506
55-59,Хөвсгөл,0,,,,,,,,,,,,,,,,,,1150,1398,1284,1105,1861,1336,1660,1839,2301,2470,2686,748,3639,1807,2937
55-59,Хөвсгөл,1,,,,,,,,,,,,,,,,,,226,532,951,846,1033,749,1032,1308,1219,998,1140,1419,505,955,1878
55-59,Говьсүмбэр,0,,,,,,,,,,,,,,,,,,88,121,73,45,99,179,198,89,270,301,166,217,420,148,152
55-59,Говьсүмбэр,1,,,,,,,,,,,,,,,,,,0,46,42,0,39,22,40,42,109,73,210,91,307,99,5
55-59,Дархан-Уул,0,,,,,,,,,,,,,,,,,,465,830,602,784,631,767,1784,1404,1223,1404,1399,732,833,1787,1416
55-59,Дархан-Уул,1,,,,,,,,,,,,,,,,,,461,554,362,584,660,532,380,913,1260,1012,670,528,625,1011,771
55-59,Дорноговь,0,,,,,,,,,,,,,,,,,,820,633,455,493,636,794,1027,603,973,718,1014,1058,744,661,1254
55-59,Дорноговь,1,,,,,,,,,,,,,,,,,,588,167,358,212,494,514,394,742,841,617,1110,733,651,563,841
55-59,Дундговь,0,,,,,,,,,,,,,,,,,,642,493,347,608,955,861,782,1088,925,999,753,996,976,1037,1232
55-59,Дундговь,1,,,,,,,,,,,,,,,,,,300,225,345,533,433,521,788,563,813,1005,451,703,1044,504,642
55-59,Өмнөговь,0,,,,,,,,,,,,,,,,,,519,432,789,297,453,595,1168,793,1011,938,1729,739,1903,894,889
55-59,Өмнөговь,1,,,,,,,,,,,,,,,,,,259,368,499,118,545,351,416,762,644,386,999,684,1038,1055,740
55-59,Сэлэнгэ,0,,,,,,,,,,,,,,,,,,638,765,1297,721,1220,903,1438,1121,1589,1858,1618,1399,1205,766,973
55-59,Сэлэнгэ,1,,,,,,,,,,,,,,,,,,611,620,872,601,551,751,182,843,756,1171,1087,1529,518,1193,634
55-59,Төв,0,,,,,,,,,,,,,,,,,,686,1248,1058,1446,1406,1672,1516,2232,2537,2302,2272,2597,2108,1438,4123
55-59,Төв,1,,,,,,,,,,,,,,,,,,887,712,339,1060,1529,1389,1144,1591,2151,2856,1932,2186,1492,993,2345
55-59,Дорнод,0,,,,,,,,,,,,,,,,,,637,711,535,687,1059,459,722,1004,1117,1159,707,1370,461,1233,2657
55-59,Дорнод,1,,,,,,,,,,,,,,,,,,312,485,418,302,644,195,352,439,326,462,634,792,269,894,452
55-59,Сүхбаатар,0,,,,,,,,,,,,,,,,,,419,790,598,559,667,912,763,1190,1089,1092,1140,1219,628,894,1199
55-59,Сүхбаатар,1,,,,,,,,,,,,,,,,,,109,667,317,740,521,596,504,623,633,1100,536,381,517,606,900
55-59,Хэнтий,0,,,,,,,,,,,,,,,,,,413,418,492,750,786,919,1366,859,1355,895,1388,2232,1588,845,994
55-59,Хэнтий,1,,,,,,,,,,,,,,,,,,254,417,273,992,623,457,790,622,698,756,756,1340,925,1056,1707
55-59,Улаанбаатар,0,,,,,,,,,,,,,,,,,,6876,7314,7436,7657,9311,9993,11765,13340,12103,15700,12773,13005,15650,20630,20844
55-59,Улаанбаатар,1,,,,,,,,,,,,,,,,,,2630,3965,3721,4826,8059,5673,6798,7878,7619,8754,8634,13526,13071,12715,16400
55-59,Улаанбаатар,0,,,,,,,,,,,,,,,,,,,,,,,,,,,,,,,20630,20844
55-59,Улаанбаатар,1,,,,,,,,,,,,,,,,,,,,,,,,,,,,,,,12715,16400
55-59,Хан-Уул,0,,,,,,,,,,,,,,,,,,540,624,687,749,1062,1122,818,1011,811,1394,2831,982,1019,2335,3023
55-59,Хан-Уул,1,,,,,,,,,,,,,,,,,,251,188,449,466,541,613,732,983,757,1285,1730,2293,1531,1597,2302
55-59,Багануур Багахангай,0,,,,,,,,,,,,,,,,,,213,106,158,230,216,416,454,337,172,387,1520,582,762,408,563
55-59,Багануур Багахангай,1,,,,,,,,,,,,,,,,,,226,57,222,57,157,61,129,248,229,158,318,867,238,115,29
55-59,Баянзүрх,0,,,,,,,,,,,,,,,,,,1267,1982,2027,1608,1991,1543,2973,3577,2656,3794,1078,5357,4117,6288,7069
55-59,Баянзүрх,1,,,,,,,,,,,,,,,,,,385,1246,882,987,2294,1894,1003,2465,1971,1762,2614,4687,2907,3059,5541
55-59,Налайх,0,,,,,,,,,,,,,,,,,,271,53,98,238,142,335,621,180,480,583,,,,133,235
55-59,Налайх,1,,,,,,,,,,,,,,,,,,146,124,111,55,45,183,379,170,143,280,,,,133,388
55-59,Баянгол,0,,,,,,,,,,,,,,,,,,859,1029,1181,1089,1249,2178,1893,2035,2002,2387,2679,201,1426,3154,2323
55-59,Баянгол,1,,,,,,,,,,,,,,,,,,383,518,585,854,1496,653,1792,1293,1273,1688,1722,1207,2040,2238,1549
55-59,Сүхбаатар,0,,,,,,,,,,,,,,,,,,854,666,1274,1347,1185,1304,1321,1096,2058,2333,1238,1536,2301,1104,2094
55-59,Сүхбаатар,1,,,,,,,,,,,,,,,,,,372,584,699,594,1122,1079,658,890,1214,1478,495,1792,1282,509,1745
55-59,Чингэлтэй,0,,,,,,,,,,,,,,,,,,886,813,501,1033,1381,1057,1803,1546,1238,1602,1800,1508,1770,2822,1508
55-59,Чингэлтэй,1,,,,,,,,,,,,,,,,,,210,305,237,777,1210,513,949,630,564,669,129,1634,2029,1992,1592
55-59,Сонгинохайрхан,0,,,,,,,,,,,,,,,,,,1986,2041,1510,1363,2085,2038,1882,3558,2686,3220,1627,2839,4256,4386,4028
55-59,Сонгинохайрхан,1,,,,,,,,,,,,,,,,,,657,943,536,1036,1194,677,1156,1199,1468,1434,1626,1046,3045,3071,3254
60-64,country,0,,,,,,,,,,,,,,,,,,7424,8121,8414,9382,8666,7826,8470,10984,12221,10876,13909,14295,12100,17238,18008
60-64,country,1,,,,,,,,,,,,,,,,,,7065,5310,6126,6065,6665,4949,8036,8852,11827,10731,14308,12347,14200,19437,20754
60-64,Баян-Өлгий,0,,,,,,,,,,,,,,,,,,193,329,411,688,85,42,199,268,625,519,384,64,287,671,976
60-64,Баян-Өлгий,1,,,,,,,,,,,,,,,,,,424,198,144,383,0,38,105,0,362,692,227,415,380,647,726
60-64,Говь-Алтай,0,,,,,,,,,,,,,,,,,,384,107,190,163,219,398,245,386,572,601,263,207,243,36,189
60-64,Говь-Алтай,1,,,,,,,,,,,,,,,,,,537,342,162,165,147,407,255,235,520,379,317,234,115,489,464
60-64,Завхан,0,,,,,,,,,,,,,,,,,,306,320,264,317,420,324,233,208,436,369,692,377,415,840,486
60-64,Завхан,1,,,,,,,,,,,,,,,,,,185,217,142,185,261,270,327,284,535,410,653,440,552,567,1051
60-64,Увс,0,,,,,,,,,,,,,,,,,,287,205,384,413,418,250,430,185,418,194,446,168,667,459,287
60-64,Увс,1,,,,,,,,,,,,,,,,,,306,205,328,213,421,122,174,239,310,189,142,212,1443,538,895
60-64,Ховд,0,,,,,,,,,,,,,,,,,,398,174,548,189,453,286,141,102,308,355,577,198,303,1097,723
60-64,Ховд,1,,,,,,,,,,,,,,,,,,83,396,287,257,334,193,195,339,307,258,133,984,550,101,617
60-64,Архангай,0,,,,,,,,,,,,,,,,,,233,501,440,776,325,613,796,914,642,770,1400,253,191,1059,725
60-64,Архангай,1,,,,,,,,,,,,,,,,,,224,291,280,123,273,393,555,223,358,445,1066,884,288,730,764
60-64,Баянхонгор,0,,,,,,,,,,,,,,,,,,415,235,56,330,332,57,292,357,177,122,391,176,164,388,677
60-64,Баянхонгор,1,,,,,,,,,,,,,,,,,,103,196,154,394,164,162,226,155,126,61,392,437,725,468,387
60-64,Булган,0,,,,,,,,,,,,,,,,,,220,447,626,625,240,374,338,440,434,493,401,288,562,605,676
60-64,Булган,1,,,,,,,,,,,,,,,,,,99,158,291,278,192,80,375,388,442,340,288,159,501,263,639
60-64,Орхон,0,,,,,,,,,,,,,,,,,,406,127,102,123,0,290,215,0,0,126,292,297,153,98,603
60-64,Орхон,1,,,,,,,,,,,,,,,,,,188,60,266,114,0,57,319,0,193,250,296,93,684,204,26
60-64,Өвөрхангай,0,,,,,,,,,,,,,,,,,,272,264,280,669,983,472,676,727,543,724,576,908,427,562,846
60-64,Өвөрхангай,1,,,,,,,,,,,,,,,,,,916,339,354,367,539,214,755,784,690,837,282,665,499,1907,901
60-64,Хөвсгөл,0,,,,,,,,,,,,,,,,,,113,415,336,292,572,75,503,502,790,313,652,2881,257,945,1831
60-64,Хөвсгөл,1,,,,,,,,,,,,,,,,,,228,177,490,306,309,245,594,763,351,943,577,1239,544,983,3343
60-64,Говьсүмбэр,0,,,,,,,,,,,,,,,,,,0,0,0,0,0,0,0,43,69,51,329,35,161,94,0
60-64,Говьсүмбэр,1,,,,,,,,,,,,,,,,,,0,0,42,0,0,0,0,44,45,0,203,73,105,0,0
60-64,Дархан-Уул,0,,,,,,,,,,,,,,,,,,254,285,242,172,447,181,138,535,629,78,172,135,24,166,216
60-64,Дархан-Уул,1,,,,,,,,,,,,,,,,,,0,123,122,234,238,180,0,477,653,0,479,176,245,76,624
60-64,Дорноговь,0,,,,,,,,,,,,,,,,,,0,111,246,228,253,84,221,293,321,139,176,135,479,712,479
60-64,Дорноговь,1,,,,,,,,,,,,,,,,,,714,159,49,56,322,236,264,404,627,345,326,420,979,205,347
60-64,Дундговь,0,,,,,,,,,,,,,,,,,,313,442,185,166,192,355,312,379,371,595,673,716,339,669,314
60-64,Дундговь,1,,,,,,,,,,,,,,,,,,217,112,81,359,110,136,298,407,293,522,441,821,569,943,282
60-64,Өмнөговь,0,,,,,,,,,,,,,,,,,,385,124,30,175,178,257,94,231,287,353,211,546,241,357,397
60-64,Өмнөговь,1,,,,,,,,,,,,,,,,,,256,0,183,263,39,176,171,132,380,496,199,404,942,1102,147
60-64,Сэлэнгэ,0,,,,,,,,,,,,,,,,,,877,700,874,661,255,127,219,414,478,506,546,174,238,374,285
60-64,Сэлэнгэ,1,,,,,,,,,,,,,,,,,,506,434,672,185,489,0,112,351,384,426,107,76,138,416,351
60-64,Төв,0,,,,,,,,,,,,,,,,,,638,738,491,639,991,645,772,1092,1151,1442,1135,862,1121,652,744
60-64,Төв,1,,,,,,,,,,,,,,,,,,643,517,431,599,1067,124,649,1197,1223,854,969,662,1304,723,891
60-64,Дорнод,0,,,,,,,,,,,,,,,,,,218,57,195,368,239,264,311,411,223,359,298,53,139,399,278
60-64,Дорнод,1,,,,,,,,,,,,,,,,,,224,0,266,248,307,0,211,126,176,361,258,109,65,1101,666
60-64,Сүхбаатар,0,,,,,,,,,,,,,,,,,,287,163,319,217,269,186,232,202,334,202,772,655,616,379,828
60-64,Сүхбаатар,1,,,,,,,,,,,,,,,,,,103,157,204,206,189,228,284,247,212,371,877,117,146,412,358
60-64,Хэнтий,0,,,,,,,,,,,,,,,,,,0,273,434,277,185,205,443,388,603,187,670,362,470,389,289
60-64,Хэнтий,1,,,,,,,,,,,,,,,,,,154,138,0,335,47,206,329,292,495,304,557,390,784,675,557
60-64,Улаанбаатар,0,,,,,,,,,,,,,,,,,,1225,2104,1761,1894,1610,2341,1660,2907,2810,2378,2853,4805,4603,6285,6157
60-64,Улаанбаатар,1,,,,,,,,,,,,,,,,,,955,1091,1178,795,1217,1482,1838,1765,3145,2248,5519,3337,2643,6889,6719
60-64,Улаанбаатар,0,,,,,,,,,,,,,,,,,,,,,,,,,,,,,,,6285,6157
60-64,Улаанбаатар,1,,,,,,,,,,,,,,,,,,,,,,,,,,,,,,,6889,6719
60-64,Хан-Уул,0,,,,,,,,,,,,,,,,,,251,141,128,140,252,443,176,396,75,469,0,1310,343,860,720
60-64,Хан-Уул,1,,,,,,,,,,,,,,,,,,0,0,0,58,335,52,181,215,158,291,1258,0,340,614,1583
60-64,Багануур Багахангай,0,,,,,,,,,,,,,,,,,,0,55,52,57,35,0,65,70,35,35,220,422,316,0,0
60-64,Багануур Багахангай,1,,,,,,,,,,,,,,,,,,0,53,0,0,30,34,63,70,0,0,0,0,0,194,33
60-64,Баянзүрх,0,,,,,,,,,,,,,,,,,,207,499,819,465,142,770,496,797,1123,473,154,1507,2056,2719,2484
60-64,Баянзүрх,1,,,,,,,,,,,,,,,,,,291,166,628,425,0,495,0,631,2195,257,615,0,1543,2549,1910
60-64,Налайх,0,,,,,,,,,,,,,,,,,,292,66,57,0,45,32,36,88,71,76,,,,0,250
60-64,Налайх,1,,,,,,,,,,,,,,,,,,146,55,0,0,0,0,138,116,37,267,,,,0,20
60-64,Баянгол,0,,,,,,,,,,,,,,,,,,179,154,237,364,188,314,195,496,365,326,765,402,816,102,663
60-64,Баянгол,1,,,,,,,,,,,,,,,,,,82,55,176,156,372,246,398,0,226,495,383,1610,0,0,775
60-64,Сүхбаатар,0,,,,,,,,,,,,,,,,,,124,677,254,155,127,278,199,443,418,450,247,512,640,0,524
60-64,Сүхбаатар,1,,,,,,,,,,,,,,,,,,0,320,123,56,65,213,233,144,0,267,496,256,0,425,1134
60-64,Чингэлтэй,0,,,,,,,,,,,,,,,,,,0,84,39,131,111,82,74,330,237,229,386,503,127,996,587
60-64,Чингэлтэй,1,,,,,,,,,,,,,,,,,,83,151,47,55,0,285,344,372,205,225,1415,126,761,913,335
60-64,Сонгинохайрхан,0,,,,,,,,,,,,,,,,,,172,428,175,582,710,422,419,287,486,320,1081,149,305,1608,930
60-64,Сонгинохайрхан,1,,,,,,,,,,,,,,,,,,353,291,204,45,415,157,481,217,324,446,1352,1345,0,2193,929
65-69,country,0,,,,,,,,,,,,,,,,,,3998,5267,3511,4594,3556,3303,2870,4350,4120,4244,6879,5310,6960,6558,7973
65-69,country,1,,,,,,,,,,,,,,,,,,2908,3032,2602,3534,2814,3565,3048,3268,4554,4096,4202,4586,4967,3948,7682
65-69,Баян-Өлгий,0,,,,,,,,,,,,,,,,,,508,377,297,393,0,84,142,46,148,54,0,0,417,303,252
65-69,Баян-Өлгий,1,,,,,,,,,,,,,,,,,,0,149,53,184,0,0,0,47,101,127,0,0,33,214,0
65-69,Говь-Алтай,0,,,,,,,,,,,,,,,,,,436,334,115,272,73,79,37,79,152,162,166,19,23,321,82
65-69,Говь-Алтай,1,,,,,,,,,,,,,,,,,,0,174,85,214,117,114,208,38,73,132,35,106,94,161,107
65-69,Завхан,0,,,,,,,,,,,,,,,,,,0,197,53,164,204,308,42,40,252,227,539,133,638,263,829
65-69,Завхан,1,,,,,,,,,,,,,,,,,,0,109,114,166,389,451,86,123,248,181,362,228,256,447,337
65-69,Увс,0,,,,,,,,,,,,,,,,,,109,261,151,153,246,79,254,326,46,300,34,52,486,259,402
65-69,Увс,1,,,,,,,,,,,,,,,,,,97,100,49,0,90,83,84,45,43,191,17,44,253,146,97
65-69,Ховд,0,,,,,,,,,,,,,,,,,,106,248,277,146,191,0,0,58,52,50,597,487,156,32,449
65-69,Ховд,1,,,,,,,,,,,,,,,,,,90,0,136,98,141,0,105,0,169,103,311,70,218,225,336
65-69,Архангай,0,,,,,,,,,,,,,,,,,,472,479,60,123,160,225,228,60,442,213,130,426,47,570,1129
65-69,Архангай,1,,,,,,,,,,,,,,,,,,100,247,56,119,333,242,171,289,280,382,43,657,119,103,506
65-69,Баянхонгор,0,,,,,,,,,,,,,,,,,,108,51,0,54,338,214,104,312,57,0,0,0,333,74,332
65-69,Баянхонгор,1,,,,,,,,,,,,,,,,,,0,0,0,57,333,160,53,198,185,0,0,23,705,0,128
65-69,Булган,0,,,,,,,,,,,,,,,,,,0,350,238,335,245,168,176,172,217,228,208,63,262,119,343
65-69,Булган,1,,,,,,,,,,,,,,,,,,107,282,174,110,166,44,0,81,127,87,352,215,350,169,167
65-69,Орхон,0,,,,,,,,,,,,,,,,,,0,47,51,117,0,117,0,0,74,0,217,96,96,0,166
65-69,Орхон,1,,,,,,,,,,,,,,,,,,235,102,0,58,49,0,0,67,69,0,0,0,128,0,13
65-69,Өвөрхангай,0,,,,,,,,,,,,,,,,,,268,336,218,0,225,294,219,213,155,224,1304,528,389,361,214
65-69,Өвөрхангай,1,,,,,,,,,,,,,,,,,,148,280,137,117,526,398,621,359,311,141,31,641,76,91,423
65-69,Хөвсгөл,0,,,,,,,,,,,,,,,,,,116,123,178,190,366,164,172,252,177,381,878,172,206,488,108
65-69,Хөвсгөл,1,,,,,,,,,,,,,,,,,,238,180,118,418,88,485,90,172,517,518,231,37,120,0,395
65-69,Говьсүмбэр,0,,,,,,,,,,,,,,,,,,88,90,94,0,0,0,0,0,22,0,34,91,17,38,0
65-69,Говьсүмбэр,1,,,,,,,,,,,,,,,,,,88,0,0,0,0,0,0,0,0,49,83,55,53,38,0
65-69,Дархан-Уул,0,,,,,,,,,,,,,,,,,,118,56,63,62,137,65,0,130,0,0,138,74,73,64,0
65-69,Дархан-Уул,1,,,,,,,,,,,,,,,,,,0,0,65,0,0,194,59,72,88,0,55,0,73,103,159
65-69,Дорноговь,0,,,,,,,,,,,,,,,,,,123,209,54,114,47,0,0,101,109,343,247,62,165,117,327
65-69,Дорноговь,1,,,,,,,,,,,,,,,,,,0,49,116,62,0,81,84,314,101,198,110,15,89,116,163
65-69,Дундговь,0,,,,,,,,,,,,,,,,,,0,0,186,198,55,54,163,207,114,220,265,170,147,165,17
65-69,Дундговь,1,,,,,,,,,,,,,,,,,,107,167,275,93,31,171,80,115,233,219,137,328,293,421,17
65-69,Өмнөговь,0,,,,,,,,,,,,,,,,,,0,239,104,113,77,86,145,238,49,0,47,48,77,961,125
65-69,Өмнөговь,1,,,,,,,,,,,,,,,,,,131,187,223,85,82,40,140,44,155,216,134,171,40,287,188
65-69,Сэлэнгэ,0,,,,,,,,,,,,,,,,,,632,387,247,119,51,0,74,70,0,136,339,135,0,78,61
65-69,Сэлэнгэ,1,,,,,,,,,,,,,,,,,,270,400,180,70,117,0,74,130,256,282,629,131,97,78,0
65-69,Төв,0,,,,,,,,,,,,,,,,,,264,263,320,751,539,531,397,458,690,560,560,359,614,413,198
65-69,Төв,1,,,,,,,,,,,,,,,,,,547,67,224,736,313,336,397,442,435,445,236,351,357,112,437
65-69,Дорнод,0,,,,,,,,,,,,,,,,,,106,60,0,115,0,0,45,0,52,117,142,0,77,328,144
65-69,Дорнод,1,,,,,,,,,,,,,,,,,,0,0,238,158,0,0,0,69,180,54,222,49,21,207,114
65-69,Сүхбаатар,0,,,,,,,,,,,,,,,,,,92,49,154,104,75,198,41,242,88,132,303,86,110,119,203
65-69,Сүхбаатар,1,,,,,,,,,,,,,,,,,,104,105,48,0,39,188,77,41,46,216,119,144,109,264,205
65-69,Хэнтий,0,,,,,,,,,,,,,,,,,,154,220,0,70,139,101,155,118,372,198,214,194,475,248,531
65-69,Хэнтий,1,,,,,,,,,,,,,,,,,,278,0,0,261,0,0,105,97,145,129,148,34,294,182,389
65-69,Улаанбаатар,0,,,,,,,,,,,,,,,,,,298,891,651,1001,388,536,476,1228,852,699,517,2115,2154,1238,2059
65-69,Улаанбаатар,1,,,,,,,,,,,,,,,,,,368,434,311,528,0,578,614,525,792,426,947,1287,1189,583,3502
65-69,Улаанбаатар,0,,,,,,,,,,,,,,,,,,,,,,,,,,,,,,,1238,2059
65-69,Улаанбаатар,1,,,,,,,,,,,,,,,,,,,,,,,,,,,,,,,583,3502
65-69,Хан-Уул,0,,,,,,,,,,,,,,,,,,0,0,133,97,93,63,156,0,232,111,0,0,0,0,288
65-69,Хан-Уул,1,,,,,,,,,,,,,,,,,,0,65,58,55,0,73,237,205,87,0,0,0,0,0,863
65-69,Багануур Багахангай,0,,,,,,,,,,,,,,,,,,0,0,56,0,0,0,64,70,31,31,106,29,0,83,0
65-69,Багануур Багахангай,1,,,,,,,,,,,,,,,,,,104,0,0,0,0,32,93,0,0,31,0,524,0,44,0
65-69,Баянзүрх,0,,,,,,,,,,,,,,,,,,111,338,105,240,0,193,0,725,153,198,154,1339,1539,340,1338
65-69,Баянзүрх,1,,,,,,,,,,,,,,,,,,0,167,181,72,0,0,178,0,127,217,154,0,857,170,1338
65-69,Налайх,0,,,,,,,,,,,,,,,,,,0,0,0,0,0,0,35,106,29,0,,,,0,0
65-69,Налайх,1,,,,,,,,,,,,,,,,,,0,61,0,0,0,0,31,74,60,38,,,,0,0
65-69,Баянгол,0,,,,,,,,,,,,,,,,,,0,48,45,156,181,118,0,0,0,103,0,0,615,102,0
65-69,Баянгол,1,,,,,,,,,,,,,,,,,,0,51,0,104,0,100,0,103,126,0,0,0,205,203,332
65-69,Сүхбаатар,0,,,,,,,,,,,,,,,,,,0,216,165,53,0,77,146,327,0,179,0,0,0,255,349
65-69,Сүхбаатар,1,,,,,,,,,,,,,,,,,,0,51,72,64,0,73,0,70,133,0,124,512,0,0,349
65-69,Чингэлтэй,0,,,,,,,,,,,,,,,,,,0,87,0,222,0,85,75,0,68,77,257,0,0,166,84
65-69,Чингэлтэй,1,,,,,,,,,,,,,,,,,,81,39,0,54,0,0,75,73,84,140,128,251,127,166,0
65-69,Сонгинохайрхан,0,,,,,,,,,,,,,,,,,,187,202,147,233,114,0,0,0,339,0,0,747,0,292,0
65-69,Сонгинохайрхан,1,,,,,,,,,,,,,,,,,,183,0,0,179,0,300,0,0,175,0,541,0,0,0,620
70+,country,0,,,,,,,,,,,,,,,,,,1548,2539,4002,4503,2930,3210,2599,3323,3848,4065,4479,3739,2824,2508,4510
70+,country,1,,,,,,,,,,,,,,,,,,1683,2042,2356,4310,2048,2204,2140,1997,2615,2799,4147,3103,3164,2242,2680
70+,Баян-Өлгий,0,,,,,,,,,,,,,,,,,,214,46,0,360,43,0,0,65,57,195,454,22,0,121,122
70+,Баян-Өлгий,1,,,,,,,,,,,,,,,,,,93,53,49,296,0,0,0,0,0,0,0,0,0,0,97
70+,Говь-Алтай,0,,,,,,,,,,,,,,,,,,112,56,159,273,147,75,176,38,117,174,59,190,51,10,76
70+,Говь-Алтай,1,,,,,,,,,,,,,,,,,,0,164,55,166,0,37,36,74,83,87,106,104,77,258,16
70+,Завхан,0,,,,,,,,,,,,,,,,,,0,163,116,267,412,367,267,419,248,132,196,355,105,107,420
70+,Завхан,1,,,,,,,,,,,,,,,,,,0,0,0,265,262,361,275,212,201,269,93,193,71,42,200
70+,Увс,0,,,,,,,,,,,,,,,,,,97,46,58,0,0,39,131,44,85,42,16,55,716,42,113
70+,Увс,1,,,,,,,,,,,,,,,,,,0,49,52,46,129,89,84,137,85,88,63,61,798,0,159
70+,Ховд,0,,,,,,,,,,,,,,,,,,0,137,136,197,89,44,105,52,103,57,548,42,200,43,301
70+,Ховд,1,,,,,,,,,,,,,,,,,,169,99,190,145,43,44,0,58,153,0,240,131,171,24,121
70+,Архангай,0,,,,,,,,,,,,,,,,,,117,293,117,177,266,288,441,245,76,334,0,174,195,0,136
70+,Архангай,1,,,,,,,,,,,,,,,,,,234,174,59,125,211,0,168,122,122,214,0,199,195,0,132
70+,Баянхонгор,0,,,,,,,,,,,,,,,,,,99,103,157,224,0,0,0,192,0,0,0,0,39,125,100
70+,Баянхонгор,1,,,,,,,,,,,,,,,,,,0,0,53,53,107,62,106,345,0,0,0,0,0,85,119
70+,Булган,0,,,,,,,,,,,,,,,,,,0,109,166,0,110,86,82,181,148,0,48,195,36,35,0
70+,Булган,1,,,,,,,,,,,,,,,,,,0,49,54,60,37,42,0,0,183,0,89,0,32,85,0
70+,Орхон,0,,,,,,,,,,,,,,,,,,0,177,112,171,49,57,0,0,74,124,197,93,51,198,0
70+,Орхон,1,,,,,,,,,,,,,,,,,,0,132,173,111,49,0,0,0,0,63,0,285,0,21,0
70+,Өвөрхангай,0,,,,,,,,,,,,,,,,,,0,345,354,309,459,381,316,351,406,144,179,0,76,109,611
70+,Өвөрхангай,1,,,,,,,,,,,,,,,,,,0,394,135,195,0,227,295,59,164,146,0,0,626,0,143
70+,Хөвсгөл,0,,,,,,,,,,,,,,,,,,0,62,177,302,88,91,0,169,518,505,122,0,56,0,333
70+,Хөвсгөл,1,,,,,,,,,,,,,,,,,,0,62,115,357,250,0,170,0,172,83,458,101,0,27,258
70+,Говьсүмбэр,0,,,,,,,,,,,,,,,,,,0,0,42,0,0,0,0,0,0,26,0,0,139,38,0
70+,Говьсүмбэр,1,,,,,,,,,,,,,,,,,,0,0,0,0,0,0,0,0,22,0,20,0,109,0,0
70+,Дархан-Уул,0,,,,,,,,,,,,,,,,,,0,77,0,166,59,0,0,273,0,0,93,25,86,51,0
70+,Дархан-Уул,1,,,,,,,,,,,,,,,,,,0,0,0,58,0,65,0,67,88,0,93,0,0,0,149
70+,Дорноговь,0,,,,,,,,,,,,,,,,,,118,0,49,120,0,53,38,111,254,113,242,57,74,69,226
70+,Дорноговь,1,,,,,,,,,,,,,,,,,,118,0,0,58,126,100,168,49,189,205,56,100,84,96,164
70+,Дундговь,0,,,,,,,,,,,,,,,,,,103,216,350,107,193,101,119,167,117,154,149,38,126,107,0
70+,Дундговь,1,,,,,,,,,,,,,,,,,,210,108,205,156,110,135,162,230,182,161,416,301,125,371,22
70+,Өмнөговь,0,,,,,,,,,,,,,,,,,,0,60,194,198,168,130,90,188,189,330,123,378,219,382,213
70+,Өмнөговь,1,,,,,,,,,,,,,,,,,,0,64,144,198,87,0,97,101,99,145,165,470,336,31,81
70+,Сэлэнгэ,0,,,,,,,,,,,,,,,,,,0,61,359,73,51,59,0,142,260,72,144,112,13,0,0
70+,Сэлэнгэ,1,,,,,,,,,,,,,,,,,,400,0,125,344,0,0,0,72,283,0,0,184,0,0,43
70+,Төв,0,,,,,,,,,,,,,,,,,,257,196,445,647,555,395,121,140,553,830,68,25,158,133,183
70+,Төв,1,,,,,,,,,,,,,,,,,,0,135,157,800,392,609,372,338,254,642,261,250,239,165,263
70+,Дорнод,0,,,,,,,,,,,,,,,,,,96,50,59,110,107,46,116,0,128,124,221,121,0,0,0
70+,Дорнод,1,,,,,,,,,,,,,,,,,,100,50,137,193,139,51,0,0,64,182,0,121,17,0,21
70+,Сүхбаатар,0,,,,,,,,,,,,,,,,,,104,51,214,52,77,0,41,77,86,84,0,136,64,50,124
70+,Сүхбаатар,1,,,,,,,,,,,,,,,,,,109,51,0,99,106,38,41,36,0,0,76,253,33,86,63
70+,Хэнтий,0,,,,,,,,,,,,,,,,,,0,0,69,205,0,48,99,110,228,124,207,99,34,135,235
70+,Хэнтий,1,,,,,,,,,,,,,,,,,,0,129,0,82,0,99,99,0,0,0,76,34,0,253,0
70+,Улаанбаатар,0,,,,,,,,,,,,,,,,,,231,291,669,545,57,950,457,359,201,501,1413,1622,385,753,1316
70+,Улаанбаатар,1,,,,,,,,,,,,,,,,,,250,329,653,503,0,245,67,97,271,514,1935,316,252,697,626
70+,Улаанбаатар,0,,,,,,,,,,,,,,,,,,,,,,,,,,,,,,,753,1316
70+,Улаанбаатар,1,,,,,,,,,,,,,,,,,,,,,,,,,,,,,,,697,626
70+,Хан-Уул,0,,,,,,,,,,,,,,,,,,0,72,0,61,0,195,261,103,115,223,630,0,0,246,575
70+,Хан-Уул,1,,,,,,,,,,,,,,,,,,0,72,0,0,0,98,0,0,0,223,0,0,0,0,432
70+,Багануур Багахангай,0,,,,,,,,,,,,,,,,,,0,0,0,0,0,0,30,0,0,0,0,0,0,0,0
70+,Багануур Багахангай,1,,,,,,,,,,,,,,,,,,104,0,0,0,0,0,30,0,0,0,0,0,0,0,0
70+,Баянзүрх,0,,,,,,,,,,,,,,,,,,0,102,476,123,0,0,166,0,0,240,154,0,0,0,574
70+,Баянзүрх,1,,,,,,,,,,,,,,,,,,0,0,413,52,0,0,0,0,153,0,0,167,0,510,0
70+,Налайх,0,,,,,,,,,,,,,,,,,,146,0,0,64,0,0,0,0,0,38,,,,0,0
70+,Налайх,1,,,,,,,,,,,,,,,,,,146,0,0,0,0,0,37,0,118,111,,,,0,0
70+,Баянгол,0,,,,,,,,,,,,,,,,,,0,0,0,0,0,212,0,0,0,0,0,0,0,0,0
70+,Баянгол,1,,,,,,,,,,,,,,,,,,0,47,0,65,0,0,0,97,0,0,0,0,0,102,111
70+,Сүхбаатар,0,,,,,,,,,,,,,,,,,,0,76,151,64,57,327,0,91,0,0,372,1024,385,425,0
70+,Сүхбаатар,1,,,,,,,,,,,,,,,,,,0,210,193,0,0,147,0,0,0,180,495,0,0,85,0
70+,Чингэлтэй,0,,,,,,,,,,,,,,,,,,0,0,0,0,0,216,0,0,86,0,257,0,0,83,167
70+,Чингэлтэй,1,,,,,,,,,,,,,,,,,,0,0,47,137,0,0,0,0,0,0,900,0,252,0,84
70+,Сонгинохайрхан,0,,,,,,,,,,,,,,,,,,85,41,42,233,0,0,0,165,0,0,0,598,0,0,0
70+,Сонгинохайрхан,1,,,,,,,,,,,,,,,,,,0,0,0,249,0,0,0,0,0,0,540,149,0,0,0
